problem,search,heuristic,result
airport01,f1,hmax,8
airport02,f1,hmax,9
airport03,f1,hmax,17
airport04,f1,hmax,20
airport05,f1,hmax,21
airport06,f1,hmax,41
airport07,f1,hmax,41
blocks01,f1,hmax,6
blocks02,f1,hmax,10
blocks03,f1,hmax,6
blocks04,f1,hmax,14
blocks05,f1,hmax,10
blocks06,f1,hmax,16
blocks07,f1,hmax,18
blocks08,f1,hmax,10
blocks09,f1,hmax,22
depot01,f1,hmax,11
depot02,f1,hmax,20
gripper01,f1,hmax,11
gripper02,f1,hmax,17
logistics01,f1,hmax,20
logistics02,f1,hmax,25
logistics03,f1,hmax,15
logistics04,f1,hmax,31
logistics05,f1,hmax,19
logistics06,f1,hmax,8
logistics08,f1,hmax,16
miconic01,f1,hmax,4
miconic02,f1,hmax,8
miconic03,f1,hmax,11
miconic04,f1,hmax,15
miconic05,f1,hmax,18
miconic06,f1,hmax,21
movie01,f1,hmax,7
movie02,f1,hmax,7
movie03,f1,hmax,7
movie04,f1,hmax,7
movie05,f1,hmax,7
movie06,f1,hmax,7
movie07,f1,hmax,7
movie08,f1,hmax,7
movie09,f1,hmax,7
newspapers01,f1,hmax,6
newspapers02,f1,hmax,9
openstacks01,f1,hmax,20
openstacks02,f1,hmax,24
parcprinter01,f1,hmax,8
parcprinter02,f1,hmax,15
parcprinter03,f1,hmax,22
parcprinter04,f1,hmax,29
pegsol01,f1,hmax,5
pegsol02,f1,hmax,9
pegsol03,f1,hmax,9
pegsol04,f1,hmax,13
pegsol05,f1,hmax,11
pegsol06,f1,hmax,12
pegsol07,f1,hmax,14
pegsol09,f1,hmax,16
psr-small01,f1,hmax,8
psr-small02,f1,hmax,11
psr-small03,f1,hmax,11
psr-small04,f1,hmax,10
psr-small05,f1,hmax,11
psr-small06,f1,hmax,8
psr-small07,f1,hmax,11
psr-small08,f1,hmax,8
psr-small09,f1,hmax,8
rovers01,f1,hmax,10
rovers02,f1,hmax,8
rovers03,f1,hmax,12
rovers04,f1,hmax,8
satellite01,f1,hmax,9
scanalyzer01,f1,hmax,6
sokoban01,f1,hmax,49
sokoban02,f1,hmax,41
sokoban03,f1,hmax,51
sokoban06,f1,hmax,35
tpp01,f1,hmax,5
tpp02,f1,hmax,8
tpp03,f1,hmax,11
tpp04,f1,hmax,14
transport01,f1,hmax,5
transport02,f1,hmax,22
travel02,f1,hmax,4
travel03,f1,hmax,7
travel04,f1,hmax,7
travel05,f1,hmax,5
travel06,f1,hmax,4
travel08,f1,hmax,4
woodworking01,f1,hmax,9
woodworking02,f1,hmax,10
airport01,f1,hdiff,8
airport02,f1,hdiff,9
airport03,f1,hdiff,17
airport04,f1,hdiff,20
airport05,f1,hdiff,21
airport06,f1,hdiff,41
airport07,f1,hdiff,41
blocks01,f1,hdiff,10
blocks02,f1,hdiff,10
blocks03,f1,hdiff,6
blocks04,f1,hdiff,12
blocks05,f1,hdiff,10
blocks06,f1,hdiff,20
blocks07,f1,hdiff,22
blocks08,f1,hdiff,18
blocks09,f1,hdiff,32
depot01,f1,hdiff,11
depot02,f1,hdiff,16
gripper01,f1,hdiff,15
gripper02,f1,hdiff,23
gripper03,f1,hdiff,31
gripper04,f1,hdiff,39
logistics01,f1,hdiff,28
logistics02,f1,hdiff,25
logistics03,f1,hdiff,16
logistics04,f1,hdiff,38
logistics05,f1,hdiff,21
logistics06,f1,hdiff,10
logistics08,f1,hdiff,16
miconic01,f1,hdiff,4
miconic02,f1,hdiff,8
miconic03,f1,hdiff,11
miconic04,f1,hdiff,16
miconic05,f1,hdiff,19
miconic06,f1,hdiff,22
movie01,f1,hdiff,7
movie02,f1,hdiff,7
movie03,f1,hdiff,7
movie04,f1,hdiff,7
movie05,f1,hdiff,7
movie06,f1,hdiff,7
movie07,f1,hdiff,7
movie08,f1,hdiff,7
movie09,f1,hdiff,7
newspapers01,f1,hdiff,7
newspapers02,f1,hdiff,11
newspapers03,f1,hdiff,15
openstacks01,f1,hdiff,17
openstacks02,f1,hdiff,20
openstacks03,f1,hdiff,23
parcprinter01,f1,hdiff,11
parcprinter02,f1,hdiff,18
parcprinter03,f1,hdiff,22
parcprinter04,f1,hdiff,32
pegsol01,f1,hdiff,5
pegsol02,f1,hdiff,9
pegsol03,f1,hdiff,9
pegsol04,f1,hdiff,10
pegsol05,f1,hdiff,12
pegsol06,f1,hdiff,14
pegsol07,f1,hdiff,12
pegsol08,f1,hdiff,18
pegsol09,f1,hdiff,16
psr-small01,f1,hdiff,8
psr-small02,f1,hdiff,11
psr-small03,f1,hdiff,11
psr-small04,f1,hdiff,10
psr-small05,f1,hdiff,11
psr-small06,f1,hdiff,8
psr-small07,f1,hdiff,11
psr-small08,f1,hdiff,8
psr-small09,f1,hdiff,8
rovers01,f1,hdiff,10
rovers02,f1,hdiff,8
rovers03,f1,hdiff,13
rovers04,f1,hdiff,8
satellite01,f1,hdiff,9
satellite02,f1,hdiff,17
satellite03,f1,hdiff,11
scanalyzer01,f1,hdiff,8
sokoban01,f1,hdiff,49
sokoban02,f1,hdiff,35
sokoban03,f1,hdiff,51
sokoban06,f1,hdiff,35
tpp01,f1,hdiff,5
tpp02,f1,hdiff,10
tpp03,f1,hdiff,15
tpp04,f1,hdiff,20
tpp05,f1,hdiff,35
transport01,f1,hdiff,7
transport02,f1,hdiff,18
travel02,f1,hdiff,4
travel03,f1,hdiff,7
travel04,f1,hdiff,6
travel05,f1,hdiff,5
travel06,f1,hdiff,4
travel07,f1,hdiff,8
travel08,f1,hdiff,4
woodworking01,f1,hdiff,11
woodworking02,f1,hdiff,11
airport01,f1,hlength,8
airport02,f1,hlength,9
airport03,f1,hlength,17
airport04,f1,hlength,20
airport05,f1,hlength,21
airport06,f1,hlength,41
airport07,f1,hlength,41
blocks01,f1,hlength,8
blocks02,f1,hlength,10
blocks03,f1,hlength,6
blocks04,f1,hlength,12
blocks05,f1,hlength,10
blocks06,f1,hlength,18
blocks07,f1,hlength,12
blocks08,f1,hlength,16
depot01,f1,hlength,12
gripper01,f1,hlength,13
gripper02,f1,hlength,21
logistics06,f1,hlength,8
miconic01,f1,hlength,4
miconic02,f1,hlength,7
miconic03,f1,hlength,10
miconic04,f1,hlength,14
movie01,f1,hlength,7
movie02,f1,hlength,7
movie03,f1,hlength,7
movie04,f1,hlength,7
movie05,f1,hlength,7
movie06,f1,hlength,7
movie07,f1,hlength,7
movie08,f1,hlength,7
movie09,f1,hlength,7
newspapers01,f1,hlength,7
newspapers02,f1,hlength,11
newspapers03,f1,hlength,15
openstacks01,f1,hlength,17
parcprinter01,f1,hlength,8
parcprinter02,f1,hlength,15
pegsol01,f1,hlength,5
pegsol02,f1,hlength,9
pegsol03,f1,hlength,9
pegsol04,f1,hlength,10
pegsol05,f1,hlength,11
pegsol06,f1,hlength,12
pegsol07,f1,hlength,12
psr-small01,f1,hlength,8
psr-small02,f1,hlength,15
psr-small03,f1,hlength,11
psr-small04,f1,hlength,10
psr-small05,f1,hlength,11
psr-small06,f1,hlength,8
psr-small07,f1,hlength,11
psr-small08,f1,hlength,8
psr-small09,f1,hlength,8
satellite01,f1,hlength,9
sokoban03,f1,hlength,55
tpp01,f1,hlength,5
tpp02,f1,hlength,8
tpp03,f1,hlength,11
tpp04,f1,hlength,14
transport01,f1,hlength,5
travel02,f1,hlength,4
travel03,f1,hlength,7
travel04,f1,hlength,6
travel05,f1,hlength,6
travel06,f1,hlength,4
travel08,f1,hlength,9
airport01,f1,hi,8
airport02,f1,hi,9
airport03,f1,hi,17
airport04,f1,hi,20
airport05,f1,hi,21
airport06,f1,hi,41
airport07,f1,hi,43
blocks01,f1,hi,6
blocks02,f1,hi,10
blocks03,f1,hi,6
blocks04,f1,hi,12
blocks05,f1,hi,10
blocks06,f1,hi,20
depot01,f1,hi,18
gripper01,f1,hi,15
gripper02,f1,hi,23
logistics03,f1,hi,18
miconic01,f1,hi,4
miconic02,f1,hi,7
miconic03,f1,hi,10
miconic04,f1,hi,14
movie01,f1,hi,7
movie02,f1,hi,7
movie03,f1,hi,7
movie04,f1,hi,7
movie05,f1,hi,7
movie06,f1,hi,7
movie07,f1,hi,7
movie08,f1,hi,7
movie09,f1,hi,7
newspapers01,f1,hi,6
newspapers02,f1,hi,9
openstacks01,f1,hi,17
parcprinter01,f1,hi,8
parcprinter02,f1,hi,15
pegsol01,f1,hi,5
pegsol02,f1,hi,9
pegsol03,f1,hi,9
pegsol04,f1,hi,12
pegsol05,f1,hi,11
pegsol06,f1,hi,12
pegsol07,f1,hi,13
psr-small01,f1,hi,8
psr-small02,f1,hi,15
psr-small03,f1,hi,11
psr-small04,f1,hi,10
psr-small05,f1,hi,11
psr-small06,f1,hi,8
psr-small07,f1,hi,11
psr-small08,f1,hi,8
psr-small09,f1,hi,8
satellite01,f1,hi,9
scanalyzer01,f1,hi,6
sokoban03,f1,hi,51
tpp01,f1,hi,5
tpp02,f1,hi,8
tpp03,f1,hi,11
tpp04,f1,hi,14
transport01,f1,hi,5
travel02,f1,hi,4
travel03,f1,hi,7
travel04,f1,hi,7
travel05,f1,hi,5
travel06,f1,hi,4
airport01,f1,hg,8
airport02,f1,hg,9
airport03,f1,hg,17
airport04,f1,hg,20
airport05,f1,hg,21
airport06,f1,hg,41
airport07,f1,hg,43
blocks01,f1,hg,10
blocks02,f1,hg,10
blocks03,f1,hg,6
blocks04,f1,hg,12
blocks05,f1,hg,10
blocks06,f1,hg,24
blocks07,f1,hg,12
blocks08,f1,hg,18
blocks09,f1,hg,28
depot01,f1,hg,12
depot02,f1,hg,22
gripper01,f1,hg,11
gripper02,f1,hg,17
gripper03,f1,hg,23
gripper04,f1,hg,29
logistics01,f1,hg,28
logistics02,f1,hg,25
logistics03,f1,hg,16
logistics04,f1,hg,38
logistics05,f1,hg,21
logistics06,f1,hg,10
logistics08,f1,hg,16
miconic01,f1,hg,4
miconic02,f1,hg,8
miconic03,f1,hg,11
miconic04,f1,hg,16
miconic05,f1,hg,19
miconic06,f1,hg,23
movie01,f1,hg,7
movie02,f1,hg,7
movie03,f1,hg,7
movie04,f1,hg,7
movie05,f1,hg,7
movie06,f1,hg,7
movie07,f1,hg,7
movie08,f1,hg,7
movie09,f1,hg,7
newspapers01,f1,hg,7
newspapers02,f1,hg,11
newspapers03,f1,hg,15
openstacks01,f1,hg,17
openstacks02,f1,hg,20
openstacks03,f1,hg,23
parcprinter01,f1,hg,11
parcprinter02,f1,hg,18
parcprinter03,f1,hg,22
parcprinter04,f1,hg,32
pegsol01,f1,hg,5
pegsol02,f1,hg,9
pegsol03,f1,hg,9
pegsol04,f1,hg,10
pegsol05,f1,hg,12
pegsol06,f1,hg,14
pegsol07,f1,hg,12
pegsol08,f1,hg,18
pegsol09,f1,hg,16
psr-small01,f1,hg,8
psr-small02,f1,hg,11
psr-small03,f1,hg,11
psr-small04,f1,hg,10
psr-small05,f1,hg,11
psr-small06,f1,hg,8
psr-small07,f1,hg,11
psr-small08,f1,hg,8
psr-small09,f1,hg,8
rovers01,f1,hg,10
rovers02,f1,hg,8
rovers03,f1,hg,13
rovers04,f1,hg,8
satellite01,f1,hg,9
satellite02,f1,hg,13
satellite03,f1,hg,11
scanalyzer01,f1,hg,8
sokoban02,f1,hg,35
sokoban03,f1,hg,51
tpp01,f1,hg,5
tpp02,f1,hg,10
tpp03,f1,hg,15
tpp04,f1,hg,20
tpp05,f1,hg,35
transport01,f1,hg,7
transport02,f1,hg,18
travel02,f1,hg,4
travel03,f1,hg,7
travel04,f1,hg,6
travel05,f1,hg,6
travel06,f1,hg,4
travel07,f1,hg,9
travel08,f1,hg,7
woodworking01,f1,hg,11
woodworking02,f1,hg,12
airport01,f1,hnba,8
airport02,f1,hnba,9
airport03,f1,hnba,17
airport04,f1,hnba,20
airport05,f1,hnba,21
airport06,f1,hnba,41
airport07,f1,hnba,41
blocks01,f1,hnba,6
blocks02,f1,hnba,10
blocks03,f1,hnba,6
blocks04,f1,hnba,12
blocks05,f1,hnba,10
blocks06,f1,hnba,16
blocks07,f1,hnba,12
depot01,f1,hnba,10
gripper01,f1,hnba,11
gripper02,f1,hnba,17
logistics06,f1,hnba,8
miconic01,f1,hnba,4
miconic02,f1,hnba,7
miconic03,f1,hnba,10
miconic04,f1,hnba,14
movie01,f1,hnba,7
movie02,f1,hnba,7
movie03,f1,hnba,7
movie04,f1,hnba,7
movie05,f1,hnba,7
movie06,f1,hnba,7
movie07,f1,hnba,7
movie08,f1,hnba,7
movie09,f1,hnba,7
newspapers01,f1,hnba,6
newspapers02,f1,hnba,9
openstacks01,f1,hnba,17
parcprinter01,f1,hnba,8
parcprinter02,f1,hnba,15
pegsol01,f1,hnba,5
pegsol02,f1,hnba,9
pegsol03,f1,hnba,9
pegsol04,f1,hnba,10
pegsol05,f1,hnba,11
pegsol06,f1,hnba,12
pegsol07,f1,hnba,12
psr-small01,f1,hnba,8
psr-small02,f1,hnba,11
psr-small03,f1,hnba,11
psr-small04,f1,hnba,10
psr-small05,f1,hnba,11
psr-small06,f1,hnba,8
psr-small07,f1,hnba,11
psr-small08,f1,hnba,8
psr-small09,f1,hnba,8
satellite01,f1,hnba,9
sokoban02,f1,hnba,35
sokoban03,f1,hnba,51
tpp01,f1,hnba,5
tpp02,f1,hnba,8
tpp03,f1,hnba,11
tpp04,f1,hnba,14
transport01,f1,hnba,5
travel02,f1,hnba,4
travel03,f1,hnba,7
travel04,f1,hnba,6
travel05,f1,hnba,8
travel06,f1,hnba,4
airport01,f2,hmax,8
airport02,f2,hmax,9
airport03,f2,hmax,17
airport04,f2,hmax,20
airport05,f2,hmax,21
airport06,f2,hmax,41
airport07,f2,hmax,41
airport08,f2,hmax,64
blocks01,f2,hmax,6
blocks02,f2,hmax,10
blocks03,f2,hmax,6
blocks04,f2,hmax,14
blocks05,f2,hmax,10
blocks06,f2,hmax,16
blocks07,f2,hmax,18
blocks08,f2,hmax,10
blocks09,f2,hmax,24
depot01,f2,hmax,12
depot02,f2,hmax,62
gripper01,f2,hmax,13
gripper02,f2,hmax,25
gripper03,f2,hmax,73
gripper04,f2,hmax,245
logistics01,f2,hmax,31
logistics02,f2,hmax,33
logistics03,f2,hmax,17
logistics04,f2,hmax,55
logistics05,f2,hmax,28
logistics06,f2,hmax,28
logistics08,f2,hmax,32
miconic01,f2,hmax,4
miconic02,f2,hmax,8
miconic03,f2,hmax,11
miconic04,f2,hmax,15
miconic05,f2,hmax,25
miconic06,f2,hmax,29
movie01,f2,hmax,7
movie02,f2,hmax,7
movie03,f2,hmax,7
movie04,f2,hmax,7
movie05,f2,hmax,8
movie06,f2,hmax,7
movie07,f2,hmax,7
movie08,f2,hmax,7
movie09,f2,hmax,7
newspapers01,f2,hmax,11
newspapers02,f2,hmax,10
newspapers03,f2,hmax,24
openstacks01,f2,hmax,20
openstacks02,f2,hmax,24
parcprinter01,f2,hmax,8
parcprinter02,f2,hmax,15
parcprinter03,f2,hmax,22
parcprinter04,f2,hmax,29
pegsol01,f2,hmax,5
pegsol02,f2,hmax,9
pegsol03,f2,hmax,9
pegsol04,f2,hmax,12
pegsol05,f2,hmax,12
pegsol06,f2,hmax,15
pegsol07,f2,hmax,17
pegsol08,f2,hmax,21
pegsol09,f2,hmax,19
psr-small01,f2,hmax,9
psr-small02,f2,hmax,26
psr-small03,f2,hmax,11
psr-small04,f2,hmax,12
psr-small05,f2,hmax,20
psr-small06,f2,hmax,13
psr-small07,f2,hmax,25
psr-small08,f2,hmax,12
psr-small09,f2,hmax,11
rovers01,f2,hmax,29
rovers02,f2,hmax,17
rovers03,f2,hmax,25
rovers04,f2,hmax,13
satellite01,f2,hmax,25
satellite02,f2,hmax,76
scanalyzer01,f2,hmax,6
sokoban01,f2,hmax,49
sokoban02,f2,hmax,35
sokoban03,f2,hmax,51
sokoban06,f2,hmax,35
tpp01,f2,hmax,5
tpp02,f2,hmax,8
tpp03,f2,hmax,11
tpp04,f2,hmax,14
tpp05,f2,hmax,31
transport01,f2,hmax,7
transport02,f2,hmax,24
travel02,f2,hmax,4
travel03,f2,hmax,7
travel04,f2,hmax,7
travel05,f2,hmax,8
travel06,f2,hmax,4
travel08,f2,hmax,9
woodworking01,f2,hmax,10
woodworking02,f2,hmax,53
airport01,f2,hdiff,8
airport02,f2,hdiff,9
airport03,f2,hdiff,28
airport04,f2,hdiff,20
airport05,f2,hdiff,21
airport06,f2,hdiff,41
airport07,f2,hdiff,43
airport08,f2,hdiff,64
blocks01,f2,hdiff,10
blocks02,f2,hdiff,18
blocks03,f2,hdiff,14
blocks04,f2,hdiff,12
blocks05,f2,hdiff,10
blocks06,f2,hdiff,24
blocks07,f2,hdiff,22
blocks08,f2,hdiff,36
blocks09,f2,hdiff,34
depot01,f2,hdiff,22
depot02,f2,hdiff,51
gripper01,f2,hdiff,15
gripper02,f2,hdiff,23
gripper03,f2,hdiff,31
gripper04,f2,hdiff,39
logistics01,f2,hdiff,102
logistics02,f2,hdiff,104
logistics03,f2,hdiff,35
logistics04,f2,hdiff,73
logistics05,f2,hdiff,28
logistics06,f2,hdiff,17
logistics08,f2,hdiff,24
miconic01,f2,hdiff,4
miconic02,f2,hdiff,9
miconic03,f2,hdiff,18
miconic04,f2,hdiff,29
miconic05,f2,hdiff,33
miconic06,f2,hdiff,32
movie01,f2,hdiff,7
movie02,f2,hdiff,7
movie03,f2,hdiff,7
movie04,f2,hdiff,7
movie05,f2,hdiff,7
movie06,f2,hdiff,7
movie07,f2,hdiff,7
movie08,f2,hdiff,7
movie09,f2,hdiff,7
newspapers01,f2,hdiff,10
newspapers02,f2,hdiff,11
newspapers03,f2,hdiff,18
openstacks01,f2,hdiff,20
openstacks02,f2,hdiff,22
openstacks03,f2,hdiff,28
parcprinter01,f2,hdiff,11
parcprinter02,f2,hdiff,18
parcprinter03,f2,hdiff,22
parcprinter04,f2,hdiff,29
pegsol01,f2,hdiff,5
pegsol02,f2,hdiff,9
pegsol03,f2,hdiff,9
pegsol04,f2,hdiff,10
pegsol05,f2,hdiff,12
pegsol06,f2,hdiff,15
pegsol07,f2,hdiff,12
pegsol08,f2,hdiff,19
pegsol09,f2,hdiff,16
psr-small01,f2,hdiff,8
psr-small02,f2,hdiff,12
psr-small03,f2,hdiff,13
psr-small04,f2,hdiff,10
psr-small05,f2,hdiff,13
psr-small06,f2,hdiff,16
psr-small07,f2,hdiff,14
psr-small08,f2,hdiff,8
psr-small09,f2,hdiff,10
rovers01,f2,hdiff,15
rovers02,f2,hdiff,15
rovers03,f2,hdiff,289
rovers04,f2,hdiff,23
satellite01,f2,hdiff,12
satellite02,f2,hdiff,28
satellite03,f2,hdiff,14
scanalyzer01,f2,hdiff,8
sokoban02,f2,hdiff,47
sokoban03,f2,hdiff,51
tpp01,f2,hdiff,5
tpp02,f2,hdiff,10
tpp03,f2,hdiff,15
tpp04,f2,hdiff,20
tpp05,f2,hdiff,45
transport01,f2,hdiff,10
transport02,f2,hdiff,22
travel02,f2,hdiff,6
travel03,f2,hdiff,7
travel04,f2,hdiff,6
travel05,f2,hdiff,8
travel06,f2,hdiff,4
travel07,f2,hdiff,9
travel08,f2,hdiff,4
woodworking01,f2,hdiff,16
woodworking02,f2,hdiff,11
airport01,f2,hlength,8
airport02,f2,hlength,9
airport03,f2,hlength,28
airport04,f2,hlength,20
airport05,f2,hlength,21
airport06,f2,hlength,43
airport07,f2,hlength,43
airport08,f2,hlength,64
blocks01,f2,hlength,8
blocks02,f2,hlength,24
blocks03,f2,hlength,18
blocks04,f2,hlength,48
blocks05,f2,hlength,38
blocks06,f2,hlength,80
blocks07,f2,hlength,774
blocks08,f2,hlength,252
blocks09,f2,hlength,236
depot01,f2,hlength,21
gripper01,f2,hlength,27
gripper02,f2,hlength,37
logistics06,f2,hlength,144
miconic01,f2,hlength,4
miconic02,f2,hlength,8
miconic03,f2,hlength,16
miconic04,f2,hlength,21
movie01,f2,hlength,7
movie02,f2,hlength,7
movie03,f2,hlength,7
movie04,f2,hlength,7
movie05,f2,hlength,7
movie06,f2,hlength,7
movie07,f2,hlength,7
movie08,f2,hlength,7
movie09,f2,hlength,7
newspapers01,f2,hlength,10
newspapers02,f2,hlength,11
newspapers03,f2,hlength,18
openstacks01,f2,hlength,20
openstacks02,f2,hlength,24
openstacks03,f2,hlength,28
parcprinter01,f2,hlength,8
parcprinter02,f2,hlength,15
pegsol01,f2,hlength,5
pegsol02,f2,hlength,9
pegsol03,f2,hlength,10
pegsol04,f2,hlength,12
pegsol05,f2,hlength,12
pegsol06,f2,hlength,13
pegsol07,f2,hlength,12
pegsol09,f2,hlength,17
psr-small01,f2,hlength,9
psr-small02,f2,hlength,14
psr-small03,f2,hlength,14
psr-small04,f2,hlength,16
psr-small05,f2,hlength,20
psr-small06,f2,hlength,15
psr-small07,f2,hlength,26
psr-small08,f2,hlength,16
psr-small09,f2,hlength,16
satellite01,f2,hlength,12
sokoban03,f2,hlength,57
tpp01,f2,hlength,5
tpp02,f2,hlength,8
tpp03,f2,hlength,11
tpp04,f2,hlength,18
tpp05,f2,hlength,79
transport01,f2,hlength,15
transport02,f2,hlength,126
travel02,f2,hlength,4
travel03,f2,hlength,7
travel04,f2,hlength,8
travel05,f2,hlength,6
travel06,f2,hlength,4
travel08,f2,hlength,10
airport01,f2,hi,8
airport02,f2,hi,9
airport03,f2,hi,17
airport04,f2,hi,20
airport05,f2,hi,21
airport06,f2,hi,43
airport07,f2,hi,43
blocks01,f2,hi,8
blocks02,f2,hi,14
blocks03,f2,hi,6
blocks04,f2,hi,12
blocks05,f2,hi,10
blocks06,f2,hi,34
blocks07,f2,hi,30
blocks08,f2,hi,14
blocks09,f2,hi,30
depot01,f2,hi,22
depot02,f2,hi,28
gripper01,f2,hi,15
gripper02,f2,hi,23
logistics03,f2,hi,22
miconic01,f2,hi,4
miconic02,f2,hi,10
miconic03,f2,hi,14
miconic04,f2,hi,22
miconic05,f2,hi,40
movie01,f2,hi,7
movie02,f2,hi,7
movie03,f2,hi,7
movie04,f2,hi,7
movie05,f2,hi,7
movie06,f2,hi,7
movie07,f2,hi,7
movie08,f2,hi,7
movie09,f2,hi,7
newspapers01,f2,hi,7
newspapers02,f2,hi,10
openstacks01,f2,hi,20
parcprinter01,f2,hi,8
parcprinter02,f2,hi,18
pegsol01,f2,hi,6
pegsol02,f2,hi,9
pegsol03,f2,hi,10
pegsol04,f2,hi,12
pegsol05,f2,hi,14
pegsol06,f2,hi,14
pegsol07,f2,hi,15
psr-small01,f2,hi,8
psr-small02,f2,hi,11
psr-small03,f2,hi,11
psr-small04,f2,hi,24
psr-small05,f2,hi,11
psr-small06,f2,hi,8
psr-small07,f2,hi,11
psr-small08,f2,hi,8
psr-small09,f2,hi,8
satellite01,f2,hi,14
scanalyzer01,f2,hi,8
sokoban02,f2,hi,39
sokoban03,f2,hi,53
tpp01,f2,hi,5
tpp02,f2,hi,8
tpp03,f2,hi,11
tpp04,f2,hi,16
transport01,f2,hi,14
travel02,f2,hi,5
travel03,f2,hi,7
travel04,f2,hi,8
travel05,f2,hi,7
travel06,f2,hi,4
airport01,f2,hg,8
airport02,f2,hg,9
airport03,f2,hg,28
airport04,f2,hg,20
airport05,f2,hg,21
airport06,f2,hg,41
airport07,f2,hg,43
airport08,f2,hg,64
blocks01,f2,hg,10
blocks02,f2,hg,14
blocks03,f2,hg,6
blocks04,f2,hg,16
blocks05,f2,hg,24
blocks06,f2,hg,20
blocks07,f2,hg,12
blocks08,f2,hg,70
blocks09,f2,hg,64
depot01,f2,hg,18
depot02,f2,hg,50
gripper01,f2,hg,11
gripper02,f2,hg,17
gripper03,f2,hg,23
gripper04,f2,hg,29
logistics01,f2,hg,102
logistics02,f2,hg,104
logistics03,f2,hg,35
logistics04,f2,hg,73
logistics05,f2,hg,28
logistics06,f2,hg,17
logistics08,f2,hg,24
miconic01,f2,hg,4
miconic02,f2,hg,8
miconic03,f2,hg,14
miconic04,f2,hg,23
miconic05,f2,hg,32
miconic06,f2,hg,50
movie01,f2,hg,7
movie02,f2,hg,7
movie03,f2,hg,7
movie04,f2,hg,7
movie05,f2,hg,7
movie06,f2,hg,7
movie07,f2,hg,7
movie08,f2,hg,7
movie09,f2,hg,7
newspapers01,f2,hg,10
newspapers02,f2,hg,11
newspapers03,f2,hg,18
openstacks01,f2,hg,20
openstacks02,f2,hg,22
openstacks03,f2,hg,28
parcprinter01,f2,hg,11
parcprinter02,f2,hg,18
parcprinter03,f2,hg,22
parcprinter04,f2,hg,29
pegsol01,f2,hg,5
pegsol02,f2,hg,9
pegsol03,f2,hg,9
pegsol04,f2,hg,10
pegsol05,f2,hg,12
pegsol06,f2,hg,15
pegsol07,f2,hg,12
pegsol08,f2,hg,19
pegsol09,f2,hg,16
psr-small01,f2,hg,8
psr-small02,f2,hg,16
psr-small03,f2,hg,12
psr-small04,f2,hg,10
psr-small05,f2,hg,13
psr-small06,f2,hg,16
psr-small07,f2,hg,18
psr-small08,f2,hg,8
psr-small09,f2,hg,10
rovers01,f2,hg,25
rovers02,f2,hg,10
rovers03,f2,hg,33
rovers04,f2,hg,33
satellite01,f2,hg,12
satellite02,f2,hg,30
satellite03,f2,hg,16
scanalyzer01,f2,hg,8
sokoban02,f2,hg,47
sokoban03,f2,hg,51
tpp01,f2,hg,5
tpp02,f2,hg,10
tpp03,f2,hg,15
tpp04,f2,hg,20
tpp05,f2,hg,45
transport01,f2,hg,10
transport02,f2,hg,22
travel02,f2,hg,4
travel03,f2,hg,7
travel04,f2,hg,6
travel05,f2,hg,8
travel06,f2,hg,4
travel07,f2,hg,9
travel08,f2,hg,7
woodworking01,f2,hg,20
woodworking02,f2,hg,12
airport01,f2,hnba,8
airport02,f2,hnba,9
airport03,f2,hnba,39
airport04,f2,hnba,20
airport05,f2,hnba,21
airport06,f2,hnba,43
airport07,f2,hnba,43
blocks01,f2,hnba,12
blocks02,f2,hnba,18
blocks03,f2,hnba,16
blocks04,f2,hnba,44
blocks05,f2,hnba,54
blocks06,f2,hnba,48
blocks07,f2,hnba,152
blocks08,f2,hnba,304
blocks09,f2,hnba,224
depot01,f2,hnba,40
gripper01,f2,hnba,35
gripper02,f2,hnba,21
logistics06,f2,hnba,168
miconic01,f2,hnba,4
miconic02,f2,hnba,8
miconic03,f2,hnba,15
miconic04,f2,hnba,24
miconic05,f2,hnba,51
miconic06,f2,hnba,97
movie01,f2,hnba,7
movie02,f2,hnba,7
movie03,f2,hnba,7
movie04,f2,hnba,7
movie05,f2,hnba,7
movie06,f2,hnba,7
movie07,f2,hnba,7
movie08,f2,hnba,7
movie09,f2,hnba,7
newspapers01,f2,hnba,15
newspapers02,f2,hnba,15
newspapers03,f2,hnba,26
openstacks01,f2,hnba,20
openstacks02,f2,hnba,24
openstacks03,f2,hnba,28
parcprinter01,f2,hnba,8
parcprinter02,f2,hnba,15
pegsol01,f2,hnba,5
pegsol02,f2,hnba,9
pegsol03,f2,hnba,9
pegsol04,f2,hnba,12
pegsol05,f2,hnba,12
pegsol06,f2,hnba,13
pegsol07,f2,hnba,17
pegsol08,f2,hnba,18
pegsol09,f2,hnba,17
psr-small01,f2,hnba,8
psr-small02,f2,hnba,15
psr-small03,f2,hnba,11
psr-small04,f2,hnba,10
psr-small05,f2,hnba,15
psr-small06,f2,hnba,16
psr-small07,f2,hnba,45
psr-small08,f2,hnba,16
psr-small09,f2,hnba,14
rovers01,f2,hnba,98
rovers02,f2,hnba,25
rovers03,f2,hnba,133
satellite01,f2,hnba,17
sokoban02,f2,hnba,37
sokoban03,f2,hnba,59
tpp01,f2,hnba,5
tpp02,f2,hnba,8
tpp03,f2,hnba,11
tpp04,f2,hnba,18
tpp05,f2,hnba,77
transport01,f2,hnba,15
transport02,f2,hnba,126
travel02,f2,hnba,6
travel03,f2,hnba,7
travel04,f2,hnba,11
travel05,f2,hnba,9
travel06,f2,hnba,4
travel07,f2,hnba,10
travel08,f2,hnba,19
woodworking01,f2,hnba,192
airport01,f3,hmax,8
airport02,f3,hmax,9
airport03,f3,hmax,39
airport04,f3,hmax,20
airport05,f3,hmax,21
airport06,f3,hmax,43
airport07,f3,hmax,43
blocks01,f3,hmax,8
blocks02,f3,hmax,22
blocks03,f3,hmax,16
blocks04,f3,hmax,38
blocks05,f3,hmax,28
blocks06,f3,hmax,54
depot01,f3,hmax,42
gripper01,f3,hmax,27
gripper02,f3,hmax,65
miconic01,f3,hmax,4
miconic02,f3,hmax,10
miconic03,f3,hmax,19
miconic04,f3,hmax,25
movie01,f3,hmax,7
movie02,f3,hmax,9
movie03,f3,hmax,7
movie04,f3,hmax,9
movie05,f3,hmax,8
movie06,f3,hmax,7
movie07,f3,hmax,8
movie08,f3,hmax,7
movie09,f3,hmax,8
newspapers02,f3,hmax,14
openstacks01,f3,hmax,20
parcprinter01,f3,hmax,8
parcprinter02,f3,hmax,18
pegsol01,f3,hmax,5
pegsol02,f3,hmax,9
pegsol03,f3,hmax,9
pegsol04,f3,hmax,11
pegsol05,f3,hmax,11
pegsol06,f3,hmax,13
pegsol07,f3,hmax,17
psr-small01,f3,hmax,8
psr-small02,f3,hmax,80
psr-small03,f3,hmax,13
psr-small04,f3,hmax,21
psr-small05,f3,hmax,61
psr-small06,f3,hmax,17
psr-small07,f3,hmax,64
psr-small08,f3,hmax,19
psr-small09,f3,hmax,25
satellite01,f3,hmax,32
sokoban03,f3,hmax,57
tpp01,f3,hmax,5
tpp02,f3,hmax,10
tpp03,f3,hmax,15
tpp04,f3,hmax,18
transport01,f3,hmax,33
travel02,f3,hmax,11
travel03,f3,hmax,7
travel06,f3,hmax,4
airport01,f3,hdiff,8
airport02,f3,hdiff,9
airport03,f3,hdiff,28
airport04,f3,hdiff,20
airport05,f3,hdiff,21
airport06,f3,hdiff,43
airport07,f3,hdiff,43
blocks01,f3,hdiff,8
blocks02,f3,hdiff,20
blocks03,f3,hdiff,16
blocks04,f3,hdiff,38
blocks05,f3,hdiff,36
blocks06,f3,hdiff,56
blocks07,f3,hdiff,74
blocks08,f3,hdiff,68
blocks09,f3,hdiff,118
depot01,f3,hdiff,59
gripper01,f3,hdiff,13
gripper02,f3,hdiff,23
miconic01,f3,hdiff,4
miconic02,f3,hdiff,9
miconic03,f3,hdiff,17
miconic04,f3,hdiff,26
movie01,f3,hdiff,7
movie02,f3,hdiff,7
movie03,f3,hdiff,7
movie04,f3,hdiff,7
movie05,f3,hdiff,7
movie06,f3,hdiff,7
movie07,f3,hdiff,7
movie08,f3,hdiff,7
movie09,f3,hdiff,7
newspapers02,f3,hdiff,12
openstacks01,f3,hdiff,18
parcprinter01,f3,hdiff,8
parcprinter02,f3,hdiff,18
pegsol01,f3,hdiff,5
pegsol02,f3,hdiff,9
pegsol03,f3,hdiff,11
pegsol04,f3,hdiff,10
pegsol05,f3,hdiff,12
pegsol06,f3,hdiff,16
pegsol07,f3,hdiff,18
psr-small01,f3,hdiff,8
psr-small02,f3,hdiff,31
psr-small03,f3,hdiff,13
psr-small04,f3,hdiff,26
psr-small05,f3,hdiff,39
psr-small06,f3,hdiff,15
psr-small07,f3,hdiff,24
psr-small08,f3,hdiff,20
psr-small09,f3,hdiff,20
satellite01,f3,hdiff,20
sokoban03,f3,hdiff,57
tpp01,f3,hdiff,5
tpp02,f3,hdiff,8
tpp03,f3,hdiff,13
tpp04,f3,hdiff,18
transport01,f3,hdiff,19
travel02,f3,hdiff,6
travel03,f3,hdiff,7
travel06,f3,hdiff,4
airport01,f3,hlength,8
airport02,f3,hlength,9
airport03,f3,hlength,28
airport04,f3,hlength,20
airport05,f3,hlength,21
airport06,f3,hlength,43
airport07,f3,hlength,43
blocks01,f3,hlength,8
blocks02,f3,hlength,10
blocks03,f3,hlength,10
blocks04,f3,hlength,18
blocks05,f3,hlength,10
blocks06,f3,hlength,22
blocks07,f3,hlength,24
blocks08,f3,hlength,16
depot01,f3,hlength,18
gripper01,f3,hlength,15
gripper02,f3,hlength,23
gripper03,f3,hlength,31
gripper04,f3,hlength,75
logistics06,f3,hlength,144
miconic01,f3,hlength,4
miconic02,f3,hlength,11
miconic03,f3,hlength,15
miconic04,f3,hlength,21
miconic05,f3,hlength,34
miconic06,f3,hlength,38
movie01,f3,hlength,7
movie02,f3,hlength,7
movie03,f3,hlength,7
movie04,f3,hlength,7
movie05,f3,hlength,7
movie06,f3,hlength,7
movie07,f3,hlength,7
movie08,f3,hlength,7
movie09,f3,hlength,7
newspapers02,f3,hlength,12
openstacks01,f3,hlength,20
openstacks02,f3,hlength,24
openstacks03,f3,hlength,28
parcprinter01,f3,hlength,8
parcprinter02,f3,hlength,18
parcprinter03,f3,hlength,22
pegsol01,f3,hlength,5
pegsol02,f3,hlength,9
pegsol03,f3,hlength,10
pegsol04,f3,hlength,12
pegsol05,f3,hlength,12
pegsol06,f3,hlength,13
pegsol07,f3,hlength,12
pegsol09,f3,hlength,17
psr-small01,f3,hlength,8
psr-small02,f3,hlength,33
psr-small03,f3,hlength,14
psr-small04,f3,hlength,44
psr-small05,f3,hlength,19
psr-small06,f3,hlength,17
psr-small07,f3,hlength,47
psr-small08,f3,hlength,16
psr-small09,f3,hlength,16
rovers01,f3,hlength,23
rovers02,f3,hlength,24
rovers03,f3,hlength,50
rovers04,f3,hlength,61
satellite01,f3,hlength,14
satellite02,f3,hlength,44
satellite03,f3,hlength,58
scanalyzer01,f3,hlength,68
sokoban01,f3,hlength,49
sokoban02,f3,hlength,47
sokoban03,f3,hlength,51
tpp01,f3,hlength,5
tpp02,f3,hlength,8
tpp03,f3,hlength,11
tpp04,f3,hlength,18
tpp05,f3,hlength,79
transport01,f3,hlength,15
transport02,f3,hlength,126
travel02,f3,hlength,5
travel03,f3,hlength,8
travel04,f3,hlength,10
travel05,f3,hlength,8
travel06,f3,hlength,4
travel07,f3,hlength,11
travel08,f3,hlength,9
woodworking01,f3,hlength,39
airport01,f3,hi,8
airport02,f3,hi,9
airport03,f3,hi,17
airport04,f3,hi,20
airport05,f3,hi,21
airport06,f3,hi,41
airport07,f3,hi,41
blocks01,f3,hi,8
blocks02,f3,hi,20
blocks03,f3,hi,32
blocks04,f3,hi,24
blocks05,f3,hi,44
blocks06,f3,hi,26
blocks07,f3,hi,24
blocks08,f3,hi,92
blocks09,f3,hi,28
depot01,f3,hi,18
gripper01,f3,hi,17
gripper02,f3,hi,35
gripper03,f3,hi,47
gripper04,f3,hi,87
logistics01,f3,hi,163
miconic01,f3,hi,4
miconic02,f3,hi,10
miconic03,f3,hi,15
miconic04,f3,hi,27
miconic05,f3,hi,25
miconic06,f3,hi,48
movie01,f3,hi,7
movie02,f3,hi,7
movie03,f3,hi,7
movie04,f3,hi,7
movie05,f3,hi,7
movie06,f3,hi,7
movie07,f3,hi,7
movie08,f3,hi,7
movie09,f3,hi,7
newspapers01,f3,hi,13
newspapers02,f3,hi,11
newspapers03,f3,hi,18
openstacks01,f3,hi,20
openstacks02,f3,hi,24
openstacks03,f3,hi,28
parcprinter01,f3,hi,11
parcprinter02,f3,hi,18
parcprinter03,f3,hi,22
pegsol01,f3,hi,5
pegsol02,f3,hi,9
pegsol03,f3,hi,9
pegsol04,f3,hi,12
pegsol05,f3,hi,12
pegsol06,f3,hi,13
pegsol07,f3,hi,12
pegsol08,f3,hi,19
pegsol09,f3,hi,16
psr-small01,f3,hi,9
psr-small02,f3,hi,20
psr-small03,f3,hi,13
psr-small04,f3,hi,30
psr-small05,f3,hi,21
psr-small06,f3,hi,13
psr-small07,f3,hi,19
psr-small08,f3,hi,20
psr-small09,f3,hi,18
rovers01,f3,hi,41
rovers02,f3,hi,40
rovers03,f3,hi,50
rovers04,f3,hi,50
satellite01,f3,hi,22
satellite02,f3,hi,50
satellite03,f3,hi,63
sokoban01,f3,hi,59
sokoban02,f3,hi,49
sokoban03,f3,hi,55
tpp01,f3,hi,5
tpp02,f3,hi,8
tpp03,f3,hi,13
tpp04,f3,hi,16
tpp05,f3,hi,35
transport01,f3,hi,11
travel02,f3,hi,6
travel03,f3,hi,7
travel04,f3,hi,7
travel05,f3,hi,9
travel06,f3,hi,4
travel07,f3,hi,9
travel08,f3,hi,9
woodworking01,f3,hi,26
woodworking02,f3,hi,20
airport01,f3,hg,8
airport02,f3,hg,9
airport03,f3,hg,28
airport04,f3,hg,20
airport05,f3,hg,21
airport06,f3,hg,43
airport07,f3,hg,43
blocks01,f3,hg,6
blocks02,f3,hg,14
blocks03,f3,hg,10
blocks04,f3,hg,18
blocks05,f3,hg,14
blocks06,f3,hg,20
blocks09,f3,hg,30
depot01,f3,hg,25
gripper01,f3,hg,11
gripper02,f3,hg,19
miconic01,f3,hg,4
miconic02,f3,hg,10
miconic03,f3,hg,16
miconic04,f3,hg,28
movie01,f3,hg,7
movie02,f3,hg,7
movie03,f3,hg,7
movie04,f3,hg,7
movie05,f3,hg,7
movie06,f3,hg,7
movie07,f3,hg,7
movie08,f3,hg,7
movie09,f3,hg,7
newspapers02,f3,hg,12
openstacks01,f3,hg,18
parcprinter01,f3,hg,8
parcprinter02,f3,hg,15
pegsol01,f3,hg,5
pegsol02,f3,hg,9
pegsol03,f3,hg,11
pegsol04,f3,hg,10
pegsol05,f3,hg,12
pegsol06,f3,hg,16
pegsol07,f3,hg,18
psr-small01,f3,hg,8
psr-small02,f3,hg,23
psr-small03,f3,hg,11
psr-small04,f3,hg,10
psr-small05,f3,hg,31
psr-small06,f3,hg,27
psr-small07,f3,hg,24
psr-small08,f3,hg,24
psr-small09,f3,hg,24
rovers01,f3,hg,45
rovers02,f3,hg,29
rovers03,f3,hg,80
satellite01,f3,hg,28
sokoban03,f3,hg,57
tpp01,f3,hg,5
tpp02,f3,hg,8
tpp03,f3,hg,13
tpp04,f3,hg,18
transport01,f3,hg,19
travel02,f3,hg,10
travel03,f3,hg,14
travel04,f3,hg,18
travel05,f3,hg,16
travel06,f3,hg,4
airport01,f3,hnba,8
airport02,f3,hnba,9
airport03,f3,hnba,28
airport04,f3,hnba,20
airport05,f3,hnba,21
airport06,f3,hnba,43
airport07,f3,hnba,41
blocks01,f3,hnba,12
blocks02,f3,hnba,18
blocks03,f3,hnba,16
blocks04,f3,hnba,44
blocks05,f3,hnba,54
blocks06,f3,hnba,48
blocks07,f3,hnba,152
blocks08,f3,hnba,304
blocks09,f3,hnba,224
depot01,f3,hnba,34
gripper01,f3,hnba,35
gripper02,f3,hnba,21
logistics06,f3,hnba,254
miconic01,f3,hnba,4
miconic02,f3,hnba,8
miconic03,f3,hnba,15
miconic04,f3,hnba,24
miconic05,f3,hnba,51
miconic06,f3,hnba,97
movie01,f3,hnba,8
movie02,f3,hnba,8
movie03,f3,hnba,8
movie04,f3,hnba,8
movie05,f3,hnba,8
movie06,f3,hnba,8
movie07,f3,hnba,8
movie08,f3,hnba,8
movie09,f3,hnba,8
newspapers01,f3,hnba,15
newspapers02,f3,hnba,15
newspapers03,f3,hnba,26
openstacks01,f3,hnba,19
openstacks02,f3,hnba,23
parcprinter01,f3,hnba,8
parcprinter02,f3,hnba,15
pegsol01,f3,hnba,5
pegsol02,f3,hnba,9
pegsol03,f3,hnba,10
pegsol04,f3,hnba,12
pegsol05,f3,hnba,12
pegsol06,f3,hnba,14
pegsol07,f3,hnba,16
pegsol09,f3,hnba,17
psr-small01,f3,hnba,8
psr-small02,f3,hnba,16
psr-small03,f3,hnba,11
psr-small04,f3,hnba,10
psr-small05,f3,hnba,42
psr-small06,f3,hnba,16
psr-small07,f3,hnba,45
psr-small08,f3,hnba,16
psr-small09,f3,hnba,14
rovers01,f3,hnba,85
rovers02,f3,hnba,21
rovers03,f3,hnba,225
satellite01,f3,hnba,17
scanalyzer01,f3,hnba,34
sokoban02,f3,hnba,37
sokoban03,f3,hnba,59
tpp01,f3,hnba,5
tpp02,f3,hnba,8
tpp03,f3,hnba,11
tpp04,f3,hnba,18
tpp05,f3,hnba,69
transport01,f3,hnba,15
transport02,f3,hnba,126
travel02,f3,hnba,6
travel03,f3,hnba,12
travel04,f3,hnba,11
travel05,f3,hnba,8
travel06,f3,hnba,4
travel07,f3,hnba,9
travel08,f3,hnba,11
woodworking01,f3,hnba,192
airport01,f4,hmax,8
airport02,f4,hmax,9
airport03,f4,hmax,17
airport04,f4,hmax,20
airport05,f4,hmax,21
airport06,f4,hmax,43
airport07,f4,hmax,43
airport08,f4,hmax,64
blocks01,f4,hmax,12
blocks02,f4,hmax,20
blocks03,f4,hmax,30
blocks04,f4,hmax,146
blocks05,f4,hmax,54
blocks06,f4,hmax,230
blocks07,f4,hmax,2376
blocks08,f4,hmax,2458
blocks09,f4,hmax,38
depot01,f4,hmax,37
depot02,f4,hmax,238
gripper01,f4,hmax,21
gripper02,f4,hmax,343
gripper03,f4,hmax,897
logistics01,f4,hmax,80
logistics02,f4,hmax,267
logistics03,f4,hmax,276
logistics04,f4,hmax,548
logistics05,f4,hmax,113
logistics06,f4,hmax,135
logistics08,f4,hmax,124
miconic01,f4,hmax,4
miconic02,f4,hmax,8
miconic03,f4,hmax,11
miconic04,f4,hmax,25
miconic05,f4,hmax,72
miconic06,f4,hmax,130
movie01,f4,hmax,11
movie02,f4,hmax,11
movie03,f4,hmax,11
movie04,f4,hmax,11
movie05,f4,hmax,11
movie06,f4,hmax,11
movie07,f4,hmax,11
movie08,f4,hmax,11
movie09,f4,hmax,11
newspapers01,f4,hmax,14
newspapers02,f4,hmax,14
newspapers03,f4,hmax,23
openstacks01,f4,hmax,20
parcprinter01,f4,hmax,8
parcprinter02,f4,hmax,15
parcprinter03,f4,hmax,22
pegsol01,f4,hmax,5
pegsol02,f4,hmax,9
pegsol03,f4,hmax,9
pegsol04,f4,hmax,13
pegsol05,f4,hmax,12
pegsol06,f4,hmax,16
pegsol07,f4,hmax,19
pegsol08,f4,hmax,21
pegsol09,f4,hmax,21
psr-small01,f4,hmax,10
psr-small02,f4,hmax,106
psr-small03,f4,hmax,15
psr-small04,f4,hmax,115
psr-small05,f4,hmax,46
psr-small06,f4,hmax,45
psr-small07,f4,hmax,130
psr-small08,f4,hmax,55
psr-small09,f4,hmax,53
rovers01,f4,hmax,51
rovers02,f4,hmax,60
rovers03,f4,hmax,101
rovers04,f4,hmax,89
satellite01,f4,hmax,40
satellite02,f4,hmax,843
scanalyzer01,f4,hmax,24
sokoban01,f4,hmax,49
sokoban02,f4,hmax,49
sokoban03,f4,hmax,53
sokoban06,f4,hmax,36
tpp01,f4,hmax,5
tpp02,f4,hmax,8
tpp03,f4,hmax,11
tpp04,f4,hmax,14
tpp05,f4,hmax,77
transport01,f4,hmax,11
transport02,f4,hmax,96
travel02,f4,hmax,8
travel03,f4,hmax,7
travel04,f4,hmax,11
travel05,f4,hmax,13
travel06,f4,hmax,4
travel08,f4,hmax,10
woodworking01,f4,hmax,58
woodworking02,f4,hmax,467
airport01,f4,hdiff,8
airport02,f4,hdiff,9
airport03,f4,hdiff,28
airport04,f4,hdiff,20
airport05,f4,hdiff,23
airport06,f4,hdiff,43
airport07,f4,hdiff,43
blocks01,f4,hdiff,30
blocks02,f4,hdiff,46
blocks03,f4,hdiff,24
blocks04,f4,hdiff,104
blocks05,f4,hdiff,290
blocks06,f4,hdiff,52
blocks07,f4,hdiff,24
blocks08,f4,hdiff,446
blocks09,f4,hdiff,230
depot01,f4,hdiff,257
depot02,f4,hdiff,616
gripper01,f4,hdiff,15
gripper02,f4,hdiff,23
gripper03,f4,hdiff,31
gripper04,f4,hdiff,39
logistics01,f4,hdiff,1601
logistics02,f4,hdiff,948
logistics03,f4,hdiff,1563
logistics04,f4,hdiff,4056
logistics05,f4,hdiff,266
logistics06,f4,hdiff,98
logistics08,f4,hdiff,218
miconic01,f4,hdiff,4
miconic02,f4,hdiff,11
miconic03,f4,hdiff,16
miconic04,f4,hdiff,52
miconic05,f4,hdiff,183
miconic06,f4,hdiff,237
movie01,f4,hdiff,7
movie02,f4,hdiff,7
movie03,f4,hdiff,7
movie04,f4,hdiff,7
movie05,f4,hdiff,7
movie06,f4,hdiff,7
movie07,f4,hdiff,7
movie08,f4,hdiff,7
movie09,f4,hdiff,7
newspapers01,f4,hdiff,13
newspapers02,f4,hdiff,12
newspapers03,f4,hdiff,20
openstacks01,f4,hdiff,20
parcprinter01,f4,hdiff,8
parcprinter02,f4,hdiff,15
parcprinter03,f4,hdiff,22
parcprinter04,f4,hdiff,29
pegsol01,f4,hdiff,5
pegsol02,f4,hdiff,9
pegsol03,f4,hdiff,9
pegsol04,f4,hdiff,11
pegsol05,f4,hdiff,12
pegsol06,f4,hdiff,15
pegsol07,f4,hdiff,12
pegsol08,f4,hdiff,19
pegsol09,f4,hdiff,16
psr-small01,f4,hdiff,10
psr-small02,f4,hdiff,31
psr-small03,f4,hdiff,15
psr-small04,f4,hdiff,10
psr-small05,f4,hdiff,13
psr-small06,f4,hdiff,24
psr-small07,f4,hdiff,25
psr-small08,f4,hdiff,8
psr-small09,f4,hdiff,12
rovers01,f4,hdiff,133
rovers02,f4,hdiff,34
rovers03,f4,hdiff,386
rovers04,f4,hdiff,522
satellite01,f4,hdiff,20
satellite02,f4,hdiff,31
satellite03,f4,hdiff,688
scanalyzer01,f4,hdiff,18
sokoban01,f4,hdiff,63
sokoban02,f4,hdiff,59
sokoban03,f4,hdiff,53
tpp01,f4,hdiff,5
tpp02,f4,hdiff,10
tpp03,f4,hdiff,15
tpp04,f4,hdiff,20
tpp05,f4,hdiff,107
transport01,f4,hdiff,17
transport02,f4,hdiff,190
travel02,f4,hdiff,10
travel03,f4,hdiff,9
travel04,f4,hdiff,7
travel05,f4,hdiff,12
travel06,f4,hdiff,4
travel07,f4,hdiff,9
travel08,f4,hdiff,4
woodworking01,f4,hdiff,65
woodworking02,f4,hdiff,11
airport01,f4,hlength,8
airport02,f4,hlength,9
airport03,f4,hlength,28
airport04,f4,hlength,20
airport05,f4,hlength,23
airport06,f4,hlength,43
airport07,f4,hlength,43
blocks01,f4,hlength,12
blocks02,f4,hlength,24
blocks03,f4,hlength,24
blocks04,f4,hlength,68
blocks05,f4,hlength,194
blocks06,f4,hlength,348
blocks07,f4,hlength,588
blocks08,f4,hlength,934
blocks09,f4,hlength,2640
depot01,f4,hlength,119
gripper01,f4,hlength,189
gripper02,f4,hlength,1225
miconic01,f4,hlength,4
miconic02,f4,hlength,14
miconic03,f4,hlength,50
miconic04,f4,hlength,110
miconic05,f4,hlength,218
miconic06,f4,hlength,482
movie01,f4,hlength,10
movie02,f4,hlength,10
movie03,f4,hlength,8
movie04,f4,hlength,10
movie05,f4,hlength,8
movie06,f4,hlength,10
movie07,f4,hlength,10
movie08,f4,hlength,10
movie09,f4,hlength,10
newspapers01,f4,hlength,13
newspapers02,f4,hlength,12
newspapers03,f4,hlength,20
openstacks01,f4,hlength,20
parcprinter01,f4,hlength,8
parcprinter02,f4,hlength,18
parcprinter03,f4,hlength,22
pegsol01,f4,hlength,5
pegsol02,f4,hlength,9
pegsol03,f4,hlength,9
pegsol04,f4,hlength,12
pegsol05,f4,hlength,11
pegsol06,f4,hlength,16
pegsol07,f4,hlength,12
pegsol08,f4,hlength,18
pegsol09,f4,hlength,17
psr-small01,f4,hlength,10
psr-small02,f4,hlength,108
psr-small03,f4,hlength,14
psr-small04,f4,hlength,12
psr-small05,f4,hlength,13
psr-small06,f4,hlength,24
psr-small07,f4,hlength,90
psr-small08,f4,hlength,61
psr-small09,f4,hlength,60
rovers01,f4,hlength,124
rovers02,f4,hlength,40
rovers03,f4,hlength,772
rovers04,f4,hlength,961
satellite01,f4,hlength,47
satellite02,f4,hlength,1315
scanalyzer01,f4,hlength,4148
sokoban01,f4,hlength,63
sokoban02,f4,hlength,55
sokoban03,f4,hlength,53
tpp01,f4,hlength,5
tpp02,f4,hlength,10
tpp03,f4,hlength,15
tpp04,f4,hlength,20
tpp05,f4,hlength,133
transport01,f4,hlength,167
travel02,f4,hlength,12
travel03,f4,hlength,15
travel04,f4,hlength,19
travel05,f4,hlength,13
travel06,f4,hlength,4
travel07,f4,hlength,10
travel08,f4,hlength,34
woodworking01,f4,hlength,523
airport01,f4,hi,8
airport02,f4,hi,9
airport03,f4,hi,17
airport04,f4,hi,20
airport05,f4,hi,23
airport06,f4,hi,43
airport07,f4,hi,43
airport08,f4,hi,66
blocks01,f4,hi,8
blocks02,f4,hi,40
blocks03,f4,hi,6
blocks04,f4,hi,270
blocks05,f4,hi,112
blocks06,f4,hi,258
blocks07,f4,hi,2734
blocks08,f4,hi,1606
blocks09,f4,hi,2578
depot01,f4,hi,223
gripper01,f4,hi,41
gripper02,f4,hi,317
logistics02,f4,hi,6914
miconic01,f4,hi,4
miconic02,f4,hi,18
miconic03,f4,hi,60
miconic04,f4,hi,133
miconic05,f4,hi,250
miconic06,f4,hi,421
movie01,f4,hi,10
movie02,f4,hi,10
movie03,f4,hi,8
movie04,f4,hi,10
movie05,f4,hi,8
movie06,f4,hi,10
movie07,f4,hi,10
movie08,f4,hi,10
movie09,f4,hi,10
newspapers01,f4,hi,9
newspapers02,f4,hi,15
newspapers03,f4,hi,22
openstacks01,f4,hi,20
parcprinter01,f4,hi,8
parcprinter02,f4,hi,15
parcprinter03,f4,hi,22
pegsol01,f4,hi,7
pegsol02,f4,hi,9
pegsol03,f4,hi,11
pegsol04,f4,hi,13
pegsol05,f4,hi,14
pegsol06,f4,hi,17
pegsol07,f4,hi,18
pegsol08,f4,hi,21
pegsol09,f4,hi,19
psr-small01,f4,hi,8
psr-small02,f4,hi,15
psr-small03,f4,hi,11
psr-small04,f4,hi,24
psr-small05,f4,hi,16
psr-small06,f4,hi,8
psr-small07,f4,hi,11
psr-small08,f4,hi,16
psr-small09,f4,hi,16
rovers01,f4,hi,59
rovers02,f4,hi,40
rovers03,f4,hi,220
rovers04,f4,hi,332
satellite01,f4,hi,116
satellite02,f4,hi,1193
scanalyzer01,f4,hi,22
sokoban01,f4,hi,71
sokoban02,f4,hi,59
sokoban03,f4,hi,53
tpp01,f4,hi,5
tpp02,f4,hi,10
tpp03,f4,hi,15
tpp04,f4,hi,20
tpp05,f4,hi,85
transport01,f4,hi,61
transport02,f4,hi,1789
travel02,f4,hi,10
travel03,f4,hi,13
travel04,f4,hi,25
travel05,f4,hi,16
travel06,f4,hi,4
travel08,f4,hi,34
woodworking01,f4,hi,741
airport01,f4,hg,8
airport02,f4,hg,9
airport03,f4,hg,28
airport04,f4,hg,20
airport05,f4,hg,23
airport06,f4,hg,43
airport07,f4,hg,43
airport08,f4,hg,66
blocks01,f4,hg,24
blocks02,f4,hg,38
blocks03,f4,hg,26
blocks04,f4,hg,68
blocks05,f4,hg,120
blocks06,f4,hg,240
blocks07,f4,hg,616
blocks08,f4,hg,178
blocks09,f4,hg,188
depot01,f4,hg,72
depot02,f4,hg,567
gripper01,f4,hg,11
gripper02,f4,hg,17
gripper03,f4,hg,23
gripper04,f4,hg,29
logistics01,f4,hg,1541
logistics02,f4,hg,948
logistics03,f4,hg,1563
logistics04,f4,hg,4252
logistics05,f4,hg,266
logistics06,f4,hg,98
logistics08,f4,hg,109
miconic01,f4,hg,4
miconic02,f4,hg,14
miconic03,f4,hg,49
miconic04,f4,hg,110
miconic05,f4,hg,218
miconic06,f4,hg,342
movie01,f4,hg,7
movie02,f4,hg,7
movie03,f4,hg,7
movie04,f4,hg,7
movie05,f4,hg,7
movie06,f4,hg,7
movie07,f4,hg,7
movie08,f4,hg,7
movie09,f4,hg,7
newspapers01,f4,hg,13
newspapers02,f4,hg,12
newspapers03,f4,hg,20
openstacks01,f4,hg,20
openstacks02,f4,hg,24
parcprinter01,f4,hg,8
parcprinter02,f4,hg,15
parcprinter03,f4,hg,22
parcprinter04,f4,hg,29
pegsol01,f4,hg,5
pegsol02,f4,hg,9
pegsol03,f4,hg,9
pegsol04,f4,hg,11
pegsol05,f4,hg,13
pegsol06,f4,hg,15
pegsol07,f4,hg,12
pegsol08,f4,hg,20
pegsol09,f4,hg,16
psr-small01,f4,hg,10
psr-small02,f4,hg,45
psr-small03,f4,hg,15
psr-small04,f4,hg,10
psr-small05,f4,hg,19
psr-small06,f4,hg,10
psr-small07,f4,hg,15
psr-small08,f4,hg,8
psr-small09,f4,hg,12
rovers01,f4,hg,72
rovers02,f4,hg,35
rovers03,f4,hg,511
rovers04,f4,hg,115
satellite01,f4,hg,20
satellite02,f4,hg,31
satellite03,f4,hg,688
scanalyzer01,f4,hg,8
sokoban01,f4,hg,63
sokoban02,f4,hg,59
sokoban03,f4,hg,53
tpp01,f4,hg,5
tpp02,f4,hg,10
tpp03,f4,hg,15
tpp04,f4,hg,20
tpp05,f4,hg,107
transport01,f4,hg,17
transport02,f4,hg,190
travel02,f4,hg,10
travel03,f4,hg,15
travel04,f4,hg,6
travel05,f4,hg,10
travel06,f4,hg,4
travel07,f4,hg,9
travel08,f4,hg,7
woodworking01,f4,hg,59
woodworking02,f4,hg,12
airport01,f4,hnba,8
airport02,f4,hnba,9
airport03,f4,hnba,50
airport04,f4,hnba,20
airport05,f4,hnba,21
airport06,f4,hnba,43
airport07,f4,hnba,43
blocks01,f4,hnba,30
blocks02,f4,hnba,52
blocks03,f4,hnba,36
blocks04,f4,hnba,206
blocks05,f4,hnba,250
blocks06,f4,hnba,154
blocks07,f4,hnba,148
blocks08,f4,hnba,904
blocks09,f4,hnba,2784
depot01,f4,hnba,177
gripper01,f4,hnba,109
gripper02,f4,hnba,793
logistics02,f4,hnba,10586
miconic01,f4,hnba,4
miconic02,f4,hnba,11
miconic03,f4,hnba,16
miconic04,f4,hnba,53
miconic05,f4,hnba,183
miconic06,f4,hnba,237
movie01,f4,hnba,7
movie02,f4,hnba,7
movie03,f4,hnba,7
movie04,f4,hnba,7
movie05,f4,hnba,7
movie06,f4,hnba,7
movie07,f4,hnba,7
movie08,f4,hnba,7
movie09,f4,hnba,7
newspapers01,f4,hnba,14
newspapers02,f4,hnba,14
newspapers03,f4,hnba,23
openstacks01,f4,hnba,20
parcprinter01,f4,hnba,8
parcprinter02,f4,hnba,15
parcprinter03,f4,hnba,22
pegsol01,f4,hnba,5
pegsol02,f4,hnba,9
pegsol03,f4,hnba,9
pegsol04,f4,hnba,12
pegsol05,f4,hnba,11
pegsol06,f4,hnba,16
pegsol07,f4,hnba,12
pegsol08,f4,hnba,18
pegsol09,f4,hnba,17
psr-small01,f4,hnba,10
psr-small02,f4,hnba,210
psr-small03,f4,hnba,26
psr-small04,f4,hnba,183
psr-small05,f4,hnba,178
psr-small06,f4,hnba,51
psr-small07,f4,hnba,177
psr-small08,f4,hnba,62
psr-small09,f4,hnba,60
rovers01,f4,hnba,105
rovers02,f4,hnba,49
rovers03,f4,hnba,583
rovers04,f4,hnba,861
satellite01,f4,hnba,47
satellite02,f4,hnba,1474
scanalyzer01,f4,hnba,382
sokoban01,f4,hnba,63
sokoban02,f4,hnba,59
sokoban03,f4,hnba,53
tpp01,f4,hnba,5
tpp02,f4,hnba,10
tpp03,f4,hnba,15
tpp04,f4,hnba,20
tpp05,f4,hnba,99
transport01,f4,hnba,167
travel02,f4,hnba,6
travel03,f4,hnba,9
travel04,f4,hnba,11
travel05,f4,hnba,17
travel06,f4,hnba,4
travel07,f4,hnba,11
travel08,f4,hnba,45
airport01,f5,hmax,8
airport02,f5,hmax,9
airport03,f5,hmax,17
airport04,f5,hmax,20
airport05,f5,hmax,21
airport06,f5,hmax,41
airport07,f5,hmax,41
airport08,f5,hmax,62
blocks01,f5,hmax,6
blocks02,f5,hmax,10
blocks03,f5,hmax,6
blocks04,f5,hmax,14
blocks05,f5,hmax,10
blocks06,f5,hmax,16
blocks07,f5,hmax,20
blocks08,f5,hmax,10
blocks09,f5,hmax,20
depot01,f5,hmax,14
depot02,f5,hmax,36
gripper01,f5,hmax,13
gripper02,f5,hmax,23
gripper03,f5,hmax,27
gripper04,f5,hmax,37
logistics01,f5,hmax,36
logistics02,f5,hmax,36
logistics03,f5,hmax,18
logistics04,f5,hmax,38
logistics05,f5,hmax,28
logistics06,f5,hmax,18
logistics08,f5,hmax,23
miconic01,f5,hmax,4
miconic02,f5,hmax,8
miconic03,f5,hmax,14
miconic04,f5,hmax,16
miconic05,f5,hmax,20
miconic06,f5,hmax,24
movie01,f5,hmax,9
movie02,f5,hmax,7
movie03,f5,hmax,8
movie04,f5,hmax,7
movie05,f5,hmax,7
movie06,f5,hmax,7
movie07,f5,hmax,8
movie08,f5,hmax,7
movie09,f5,hmax,7
newspapers01,f5,hmax,10
newspapers02,f5,hmax,10
newspapers03,f5,hmax,16
openstacks01,f5,hmax,20
openstacks02,f5,hmax,24
openstacks03,f5,hmax,28
parcprinter01,f5,hmax,8
parcprinter02,f5,hmax,15
parcprinter03,f5,hmax,22
parcprinter04,f5,hmax,29
pegsol01,f5,hmax,5
pegsol02,f5,hmax,9
pegsol03,f5,hmax,10
pegsol04,f5,hmax,13
pegsol05,f5,hmax,12
pegsol06,f5,hmax,15
pegsol07,f5,hmax,19
pegsol08,f5,hmax,21
pegsol09,f5,hmax,21
psr-small01,f5,hmax,9
psr-small02,f5,hmax,19
psr-small03,f5,hmax,12
psr-small04,f5,hmax,10
psr-small05,f5,hmax,16
psr-small06,f5,hmax,13
psr-small07,f5,hmax,23
psr-small08,f5,hmax,20
psr-small09,f5,hmax,9
rovers02,f5,hmax,10
rovers03,f5,hmax,30
rovers04,f5,hmax,8
satellite01,f5,hmax,12
satellite02,f5,hmax,25
satellite03,f5,hmax,58
scanalyzer01,f5,hmax,6
sokoban01,f5,hmax,49
sokoban02,f5,hmax,35
sokoban03,f5,hmax,51
sokoban06,f5,hmax,35
tpp01,f5,hmax,5
tpp02,f5,hmax,8
tpp03,f5,hmax,11
tpp04,f5,hmax,14
tpp05,f5,hmax,27
transport01,f5,hmax,6
transport02,f5,hmax,22
travel02,f5,hmax,4
travel03,f5,hmax,7
travel04,f5,hmax,10
travel05,f5,hmax,7
travel06,f5,hmax,4
travel08,f5,hmax,9
woodworking01,f5,hmax,12
woodworking02,f5,hmax,20
airport01,f5,hdiff,8
airport02,f5,hdiff,9
airport03,f5,hdiff,17
airport04,f5,hdiff,20
airport05,f5,hdiff,21
airport06,f5,hdiff,41
airport07,f5,hdiff,41
airport08,f5,hdiff,66
blocks01,f5,hdiff,10
blocks02,f5,hdiff,10
blocks03,f5,hdiff,6
blocks04,f5,hdiff,12
blocks05,f5,hdiff,28
blocks06,f5,hdiff,24
blocks07,f5,hdiff,40
blocks08,f5,hdiff,14
blocks09,f5,hdiff,38
depot01,f5,hdiff,16
depot02,f5,hdiff,20
gripper01,f5,hdiff,15
gripper02,f5,hdiff,21
gripper03,f5,hdiff,31
gripper04,f5,hdiff,35
logistics01,f5,hdiff,56
logistics02,f5,hdiff,74
logistics03,f5,hdiff,32
logistics04,f5,hdiff,68
logistics05,f5,hdiff,36
logistics06,f5,hdiff,14
logistics08,f5,hdiff,26
miconic01,f5,hdiff,4
miconic02,f5,hdiff,8
miconic03,f5,hdiff,14
miconic04,f5,hdiff,22
miconic05,f5,hdiff,24
miconic06,f5,hdiff,30
movie01,f5,hdiff,7
movie02,f5,hdiff,7
movie03,f5,hdiff,7
movie04,f5,hdiff,7
movie05,f5,hdiff,7
movie06,f5,hdiff,7
movie07,f5,hdiff,7
movie08,f5,hdiff,7
movie09,f5,hdiff,7
newspapers01,f5,hdiff,6
newspapers02,f5,hdiff,10
newspapers03,f5,hdiff,14
openstacks01,f5,hdiff,18
openstacks02,f5,hdiff,24
openstacks03,f5,hdiff,26
parcprinter01,f5,hdiff,11
parcprinter02,f5,hdiff,18
parcprinter03,f5,hdiff,22
parcprinter04,f5,hdiff,32
pegsol01,f5,hdiff,5
pegsol02,f5,hdiff,9
pegsol03,f5,hdiff,9
pegsol04,f5,hdiff,11
pegsol05,f5,hdiff,13
pegsol06,f5,hdiff,15
pegsol07,f5,hdiff,14
pegsol08,f5,hdiff,18
pegsol09,f5,hdiff,16
psr-small01,f5,hdiff,8
psr-small02,f5,hdiff,18
psr-small03,f5,hdiff,13
psr-small04,f5,hdiff,10
psr-small05,f5,hdiff,13
psr-small06,f5,hdiff,11
psr-small07,f5,hdiff,18
psr-small08,f5,hdiff,8
psr-small09,f5,hdiff,10
rovers01,f5,hdiff,30
rovers02,f5,hdiff,12
rovers03,f5,hdiff,36
rovers04,f5,hdiff,24
satellite01,f5,hdiff,10
satellite02,f5,hdiff,14
satellite03,f5,hdiff,14
scanalyzer01,f5,hdiff,6
sokoban01,f5,hdiff,53
sokoban02,f5,hdiff,41
sokoban03,f5,hdiff,51
sokoban05,f5,hdiff,27
tpp01,f5,hdiff,5
tpp02,f5,hdiff,10
tpp03,f5,hdiff,15
tpp04,f5,hdiff,20
tpp05,f5,hdiff,39
transport01,f5,hdiff,10
transport02,f5,hdiff,22
travel02,f5,hdiff,6
travel03,f5,hdiff,7
travel04,f5,hdiff,6
travel05,f5,hdiff,8
travel06,f5,hdiff,4
travel07,f5,hdiff,9
travel08,f5,hdiff,4
woodworking01,f5,hdiff,13
woodworking02,f5,hdiff,12
airport01,f5,hlength,8
airport02,f5,hlength,9
airport03,f5,hlength,17
airport04,f5,hlength,20
airport05,f5,hlength,21
airport06,f5,hlength,41
airport07,f5,hlength,41
airport08,f5,hlength,64
blocks01,f5,hlength,8
blocks02,f5,hlength,20
blocks03,f5,hlength,18
blocks04,f5,hlength,28
blocks05,f5,hlength,72
blocks06,f5,hlength,54
blocks07,f5,hlength,212
blocks08,f5,hlength,262
blocks09,f5,hlength,342
depot01,f5,hlength,23
gripper01,f5,hlength,19
gripper02,f5,hlength,99
miconic01,f5,hlength,4
miconic02,f5,hlength,7
miconic03,f5,hlength,12
miconic04,f5,hlength,16
miconic05,f5,hlength,20
movie01,f5,hlength,7
movie02,f5,hlength,7
movie03,f5,hlength,7
movie04,f5,hlength,7
movie05,f5,hlength,7
movie06,f5,hlength,7
movie07,f5,hlength,7
movie08,f5,hlength,7
movie09,f5,hlength,7
newspapers01,f5,hlength,6
newspapers02,f5,hlength,10
newspapers03,f5,hlength,14
openstacks01,f5,hlength,20
openstacks02,f5,hlength,24
openstacks03,f5,hlength,28
parcprinter01,f5,hlength,8
parcprinter02,f5,hlength,18
pegsol01,f5,hlength,5
pegsol02,f5,hlength,9
pegsol03,f5,hlength,9
pegsol04,f5,hlength,11
pegsol05,f5,hlength,13
pegsol06,f5,hlength,15
pegsol07,f5,hlength,16
pegsol08,f5,hlength,18
pegsol09,f5,hlength,16
psr-small01,f5,hlength,8
psr-small02,f5,hlength,14
psr-small03,f5,hlength,12
psr-small04,f5,hlength,40
psr-small05,f5,hlength,29
psr-small06,f5,hlength,16
psr-small07,f5,hlength,23
psr-small08,f5,hlength,14
psr-small09,f5,hlength,14
rovers02,f5,hlength,13
satellite01,f5,hlength,10
sokoban02,f5,hlength,39
sokoban03,f5,hlength,57
tpp01,f5,hlength,5
tpp02,f5,hlength,10
tpp03,f5,hlength,13
tpp04,f5,hlength,18
tpp05,f5,hlength,57
transport01,f5,hlength,11
transport02,f5,hlength,349
travel02,f5,hlength,4
travel03,f5,hlength,7
travel04,f5,hlength,7
travel05,f5,hlength,7
travel06,f5,hlength,4
travel08,f5,hlength,9
airport01,f5,hi,8
airport02,f5,hi,9
airport03,f5,hi,17
airport04,f5,hi,20
airport05,f5,hi,21
airport06,f5,hi,43
airport07,f5,hi,43
blocks01,f5,hi,6
blocks02,f5,hi,20
blocks03,f5,hi,6
blocks04,f5,hi,26
blocks05,f5,hi,14
blocks06,f5,hi,26
blocks07,f5,hi,12
blocks08,f5,hi,10
blocks09,f5,hi,34
depot01,f5,hi,26
depot02,f5,hi,49
gripper01,f5,hi,15
gripper02,f5,hi,21
logistics03,f5,hi,43
miconic01,f5,hi,4
miconic02,f5,hi,8
miconic03,f5,hi,11
miconic04,f5,hi,16
miconic05,f5,hi,20
movie01,f5,hi,7
movie02,f5,hi,7
movie03,f5,hi,7
movie04,f5,hi,7
movie05,f5,hi,7
movie06,f5,hi,7
movie07,f5,hi,7
movie08,f5,hi,7
movie09,f5,hi,7
newspapers01,f5,hi,7
newspapers02,f5,hi,11
openstacks01,f5,hi,20
parcprinter01,f5,hi,8
parcprinter02,f5,hi,18
pegsol01,f5,hi,7
pegsol02,f5,hi,9
pegsol03,f5,hi,11
pegsol04,f5,hi,12
pegsol05,f5,hi,13
pegsol06,f5,hi,17
pegsol07,f5,hi,19
psr-small01,f5,hi,8
psr-small02,f5,hi,15
psr-small03,f5,hi,13
psr-small04,f5,hi,14
psr-small05,f5,hi,16
psr-small06,f5,hi,14
psr-small07,f5,hi,13
psr-small08,f5,hi,12
psr-small09,f5,hi,12
satellite01,f5,hi,10
scanalyzer01,f5,hi,8
sokoban01,f5,hi,59
sokoban02,f5,hi,45
sokoban03,f5,hi,53
tpp01,f5,hi,5
tpp02,f5,hi,8
tpp03,f5,hi,13
tpp04,f5,hi,18
transport01,f5,hi,12
transport02,f5,hi,35
travel02,f5,hi,5
travel03,f5,hi,7
travel04,f5,hi,9
travel05,f5,hi,5
travel06,f5,hi,4
airport01,f5,hg,8
airport02,f5,hg,9
airport03,f5,hg,17
airport04,f5,hg,20
airport05,f5,hg,21
airport06,f5,hg,41
airport07,f5,hg,41
airport08,f5,hg,66
blocks01,f5,hg,6
blocks02,f5,hg,14
blocks03,f5,hg,6
blocks04,f5,hg,12
blocks05,f5,hg,32
blocks06,f5,hg,26
blocks07,f5,hg,22
blocks08,f5,hg,18
blocks09,f5,hg,66
depot01,f5,hg,23
depot02,f5,hg,29
gripper01,f5,hg,13
gripper02,f5,hg,21
gripper03,f5,hg,29
gripper04,f5,hg,37
logistics01,f5,hg,56
logistics02,f5,hg,74
logistics03,f5,hg,32
logistics04,f5,hg,68
logistics05,f5,hg,36
logistics06,f5,hg,14
logistics08,f5,hg,26
miconic01,f5,hg,4
miconic02,f5,hg,8
miconic03,f5,hg,12
miconic04,f5,hg,16
miconic05,f5,hg,20
miconic06,f5,hg,24
movie01,f5,hg,7
movie02,f5,hg,7
movie03,f5,hg,7
movie04,f5,hg,7
movie05,f5,hg,7
movie06,f5,hg,7
movie07,f5,hg,7
movie08,f5,hg,7
movie09,f5,hg,7
newspapers01,f5,hg,6
newspapers02,f5,hg,10
newspapers03,f5,hg,14
openstacks01,f5,hg,18
openstacks02,f5,hg,24
openstacks03,f5,hg,26
parcprinter01,f5,hg,11
parcprinter02,f5,hg,18
parcprinter03,f5,hg,22
parcprinter04,f5,hg,32
pegsol01,f5,hg,5
pegsol02,f5,hg,9
pegsol03,f5,hg,9
pegsol04,f5,hg,11
pegsol05,f5,hg,13
pegsol06,f5,hg,15
pegsol07,f5,hg,14
pegsol08,f5,hg,18
pegsol09,f5,hg,16
psr-small01,f5,hg,8
psr-small02,f5,hg,14
psr-small03,f5,hg,12
psr-small04,f5,hg,10
psr-small05,f5,hg,14
psr-small06,f5,hg,16
psr-small07,f5,hg,18
psr-small08,f5,hg,8
psr-small09,f5,hg,10
rovers01,f5,hg,22
rovers02,f5,hg,8
rovers03,f5,hg,27
rovers04,f5,hg,22
satellite01,f5,hg,10
satellite02,f5,hg,14
satellite03,f5,hg,14
scanalyzer01,f5,hg,6
sokoban01,f5,hg,53
sokoban02,f5,hg,41
sokoban03,f5,hg,51
sokoban05,f5,hg,27
tpp01,f5,hg,5
tpp02,f5,hg,10
tpp03,f5,hg,15
tpp04,f5,hg,20
tpp05,f5,hg,39
transport01,f5,hg,10
transport02,f5,hg,22
travel02,f5,hg,4
travel03,f5,hg,7
travel04,f5,hg,6
travel05,f5,hg,6
travel06,f5,hg,4
travel07,f5,hg,8
travel08,f5,hg,5
woodworking01,f5,hg,18
woodworking02,f5,hg,12
airport01,f5,hnba,8
airport02,f5,hnba,9
airport03,f5,hnba,17
airport04,f5,hnba,20
airport05,f5,hnba,21
airport06,f5,hnba,41
airport07,f5,hnba,41
blocks01,f5,hnba,8
blocks02,f5,hnba,16
blocks03,f5,hnba,10
blocks04,f5,hnba,32
blocks05,f5,hnba,44
blocks06,f5,hnba,40
blocks07,f5,hnba,142
blocks08,f5,hnba,266
blocks09,f5,hnba,58
depot01,f5,hnba,29
gripper01,f5,hnba,13
gripper02,f5,hnba,65
gripper03,f5,hnba,161
gripper04,f5,hnba,127
miconic01,f5,hnba,4
miconic02,f5,hnba,10
miconic03,f5,hnba,16
miconic04,f5,hnba,22
miconic05,f5,hnba,31
miconic06,f5,hnba,30
movie01,f5,hnba,7
movie02,f5,hnba,7
movie03,f5,hnba,7
movie04,f5,hnba,7
movie05,f5,hnba,7
movie06,f5,hnba,7
movie07,f5,hnba,7
movie08,f5,hnba,7
movie09,f5,hnba,7
newspapers01,f5,hnba,13
newspapers02,f5,hnba,11
newspapers03,f5,hnba,15
openstacks01,f5,hnba,20
openstacks03,f5,hnba,28
parcprinter01,f5,hnba,8
parcprinter02,f5,hnba,15
parcprinter03,f5,hnba,22
pegsol01,f5,hnba,5
pegsol02,f5,hnba,9
pegsol03,f5,hnba,10
pegsol04,f5,hnba,11
pegsol05,f5,hnba,12
pegsol06,f5,hnba,16
pegsol07,f5,hnba,16
pegsol08,f5,hnba,19
pegsol09,f5,hnba,16
psr-small01,f5,hnba,8
psr-small02,f5,hnba,17
psr-small03,f5,hnba,13
psr-small04,f5,hnba,10
psr-small05,f5,hnba,15
psr-small06,f5,hnba,11
psr-small07,f5,hnba,29
psr-small08,f5,hnba,14
psr-small09,f5,hnba,14
rovers01,f5,hnba,47
rovers02,f5,hnba,21
rovers03,f5,hnba,61
rovers04,f5,hnba,65
satellite01,f5,hnba,11
satellite02,f5,hnba,65
satellite03,f5,hnba,121
sokoban01,f5,hnba,56
sokoban02,f5,hnba,43
sokoban03,f5,hnba,53
tpp01,f5,hnba,5
tpp02,f5,hnba,10
tpp03,f5,hnba,13
tpp04,f5,hnba,18
tpp05,f5,hnba,45
transport01,f5,hnba,11
transport02,f5,hnba,349
travel02,f5,hnba,8
travel03,f5,hnba,11
travel04,f5,hnba,9
travel05,f5,hnba,8
travel06,f5,hnba,4
travel07,f5,hnba,9
travel08,f5,hnba,11
woodworking01,f5,hnba,19
woodworking02,f5,hnba,198
airport01,f6,hmax,8
airport02,f6,hmax,9
airport03,f6,hmax,17
airport04,f6,hmax,20
airport05,f6,hmax,21
airport06,f6,hmax,41
airport07,f6,hmax,41
blocks01,f6,hmax,6
blocks02,f6,hmax,20
blocks03,f6,hmax,10
blocks04,f6,hmax,34
blocks05,f6,hmax,44
blocks06,f6,hmax,132
blocks07,f6,hmax,714
blocks08,f6,hmax,134
blocks09,f6,hmax,246
depot01,f6,hmax,26
depot02,f6,hmax,54
gripper01,f6,hmax,13
gripper02,f6,hmax,19
gripper03,f6,hmax,29
gripper04,f6,hmax,37
logistics01,f6,hmax,32
logistics02,f6,hmax,90
logistics03,f6,hmax,42
logistics04,f6,hmax,66
logistics05,f6,hmax,70
logistics06,f6,hmax,58
logistics08,f6,hmax,140
miconic01,f6,hmax,4
miconic02,f6,hmax,8
miconic03,f6,hmax,14
miconic04,f6,hmax,20
miconic05,f6,hmax,24
miconic06,f6,hmax,41
movie01,f6,hmax,9
movie02,f6,hmax,11
movie03,f6,hmax,9
movie04,f6,hmax,11
movie05,f6,hmax,11
movie06,f6,hmax,9
movie07,f6,hmax,9
movie08,f6,hmax,9
movie09,f6,hmax,9
newspapers01,f6,hmax,13
newspapers02,f6,hmax,12
newspapers03,f6,hmax,18
openstacks01,f6,hmax,20
parcprinter01,f6,hmax,8
parcprinter02,f6,hmax,15
parcprinter03,f6,hmax,22
pegsol01,f6,hmax,5
pegsol02,f6,hmax,9
pegsol03,f6,hmax,10
pegsol04,f6,hmax,13
pegsol05,f6,hmax,13
pegsol06,f6,hmax,15
pegsol07,f6,hmax,18
pegsol08,f6,hmax,21
pegsol09,f6,hmax,19
psr-small01,f6,hmax,10
psr-small02,f6,hmax,34
psr-small03,f6,hmax,15
psr-small04,f6,hmax,130
psr-small05,f6,hmax,16
psr-small06,f6,hmax,21
psr-small07,f6,hmax,130
psr-small08,f6,hmax,55
psr-small09,f6,hmax,33
rovers01,f6,hmax,28
rovers02,f6,hmax,12
rovers03,f6,hmax,46
rovers04,f6,hmax,90
satellite01,f6,hmax,16
satellite02,f6,hmax,102
satellite03,f6,hmax,224
scanalyzer01,f6,hmax,14
sokoban01,f6,hmax,51
sokoban02,f6,hmax,37
sokoban03,f6,hmax,65
sokoban06,f6,hmax,36
tpp01,f6,hmax,5
tpp02,f6,hmax,8
tpp03,f6,hmax,11
tpp04,f6,hmax,14
tpp05,f6,hmax,32
transport01,f6,hmax,12
transport02,f6,hmax,32
travel02,f6,hmax,4
travel03,f6,hmax,7
travel04,f6,hmax,8
travel05,f6,hmax,7
travel06,f6,hmax,4
travel07,f6,hmax,13
travel08,f6,hmax,10
woodworking01,f6,hmax,16
woodworking02,f6,hmax,118
airport01,f6,hdiff,8
airport02,f6,hdiff,9
airport03,f6,hdiff,28
airport04,f6,hdiff,20
airport05,f6,hdiff,21
airport06,f6,hdiff,43
airport07,f6,hdiff,43
airport08,f6,hdiff,64
blocks01,f6,hdiff,6
blocks02,f6,hdiff,10
blocks03,f6,hdiff,6
blocks04,f6,hdiff,12
blocks05,f6,hdiff,42
blocks06,f6,hdiff,46
blocks07,f6,hdiff,28
blocks08,f6,hdiff,96
blocks09,f6,hdiff,108
depot01,f6,hdiff,98
depot02,f6,hdiff,120
gripper01,f6,hdiff,19
gripper02,f6,hdiff,25
gripper03,f6,hdiff,37
gripper04,f6,hdiff,55
logistics01,f6,hdiff,180
logistics02,f6,hdiff,46
logistics03,f6,hdiff,314
logistics04,f6,hdiff,312
logistics05,f6,hdiff,104
logistics06,f6,hdiff,14
logistics08,f6,hdiff,44
miconic01,f6,hdiff,4
miconic02,f6,hdiff,10
miconic03,f6,hdiff,14
miconic04,f6,hdiff,22
miconic05,f6,hdiff,34
miconic06,f6,hdiff,38
movie01,f6,hdiff,7
movie02,f6,hdiff,7
movie03,f6,hdiff,7
movie04,f6,hdiff,7
movie05,f6,hdiff,7
movie06,f6,hdiff,7
movie07,f6,hdiff,7
movie08,f6,hdiff,7
movie09,f6,hdiff,7
newspapers01,f6,hdiff,6
newspapers02,f6,hdiff,10
newspapers03,f6,hdiff,14
openstacks01,f6,hdiff,20
openstacks03,f6,hdiff,28
parcprinter01,f6,hdiff,8
parcprinter02,f6,hdiff,18
parcprinter03,f6,hdiff,22
parcprinter04,f6,hdiff,32
pegsol01,f6,hdiff,5
pegsol02,f6,hdiff,9
pegsol03,f6,hdiff,9
pegsol04,f6,hdiff,10
pegsol05,f6,hdiff,13
pegsol06,f6,hdiff,15
pegsol07,f6,hdiff,14
pegsol08,f6,hdiff,18
pegsol09,f6,hdiff,16
psr-small01,f6,hdiff,9
psr-small02,f6,hdiff,21
psr-small03,f6,hdiff,15
psr-small04,f6,hdiff,10
psr-small05,f6,hdiff,14
psr-small06,f6,hdiff,14
psr-small07,f6,hdiff,17
psr-small08,f6,hdiff,8
psr-small09,f6,hdiff,12
rovers01,f6,hdiff,30
rovers02,f6,hdiff,24
rovers03,f6,hdiff,44
rovers04,f6,hdiff,38
satellite01,f6,hdiff,10
satellite02,f6,hdiff,30
satellite03,f6,hdiff,64
scanalyzer01,f6,hdiff,6
sokoban01,f6,hdiff,63
sokoban02,f6,hdiff,47
sokoban03,f6,hdiff,51
tpp01,f6,hdiff,5
tpp02,f6,hdiff,10
tpp03,f6,hdiff,13
tpp04,f6,hdiff,20
tpp05,f6,hdiff,74
transport01,f6,hdiff,20
transport02,f6,hdiff,102
travel02,f6,hdiff,6
travel03,f6,hdiff,9
travel04,f6,hdiff,7
travel05,f6,hdiff,10
travel06,f6,hdiff,4
travel07,f6,hdiff,10
travel08,f6,hdiff,4
woodworking01,f6,hdiff,20
woodworking02,f6,hdiff,14
airport01,f6,hlength,8
airport02,f6,hlength,9
airport03,f6,hlength,28
airport04,f6,hlength,20
airport05,f6,hlength,21
airport06,f6,hlength,43
airport07,f6,hlength,43
airport08,f6,hlength,64
blocks01,f6,hlength,18
blocks02,f6,hlength,24
blocks03,f6,hlength,28
blocks04,f6,hlength,326
blocks05,f6,hlength,240
blocks06,f6,hlength,126
blocks07,f6,hlength,2370
blocks08,f6,hlength,2262
blocks09,f6,hlength,3058
depot01,f6,hlength,25
gripper01,f6,hlength,41
gripper02,f6,hlength,159
gripper03,f6,hlength,341
gripper04,f6,hlength,419
miconic01,f6,hlength,4
miconic02,f6,hlength,12
miconic03,f6,hlength,20
miconic04,f6,hlength,32
miconic05,f6,hlength,56
miconic06,f6,hlength,36
movie01,f6,hlength,9
movie02,f6,hlength,11
movie03,f6,hlength,11
movie04,f6,hlength,11
movie05,f6,hlength,11
movie06,f6,hlength,11
movie07,f6,hlength,11
movie08,f6,hlength,11
movie09,f6,hlength,9
newspapers01,f6,hlength,6
newspapers02,f6,hlength,10
newspapers03,f6,hlength,14
openstacks01,f6,hlength,20
parcprinter01,f6,hlength,8
parcprinter02,f6,hlength,15
pegsol01,f6,hlength,5
pegsol02,f6,hlength,9
pegsol03,f6,hlength,10
pegsol04,f6,hlength,13
pegsol05,f6,hlength,12
pegsol06,f6,hlength,16
pegsol07,f6,hlength,12
pegsol08,f6,hlength,18
pegsol09,f6,hlength,17
psr-small01,f6,hlength,9
psr-small02,f6,hlength,42
psr-small03,f6,hlength,14
psr-small04,f6,hlength,116
psr-small05,f6,hlength,72
psr-small06,f6,hlength,14
psr-small07,f6,hlength,57
psr-small08,f6,hlength,49
psr-small09,f6,hlength,48
rovers01,f6,hlength,61
rovers02,f6,hlength,25
rovers03,f6,hlength,239
rovers04,f6,hlength,79
satellite01,f6,hlength,18
satellite02,f6,hlength,338
scanalyzer01,f6,hlength,668
sokoban02,f6,hlength,45
sokoban03,f6,hlength,51
tpp01,f6,hlength,5
tpp02,f6,hlength,10
tpp03,f6,hlength,13
tpp04,f6,hlength,20
tpp05,f6,hlength,87
transport01,f6,hlength,19
transport02,f6,hlength,323
travel02,f6,hlength,10
travel03,f6,hlength,13
travel04,f6,hlength,15
travel05,f6,hlength,16
travel06,f6,hlength,4
travel07,f6,hlength,11
travel08,f6,hlength,29
woodworking01,f6,hlength,286
airport01,f6,hi,8
airport02,f6,hi,9
airport03,f6,hi,17
airport04,f6,hi,20
airport05,f6,hi,21
airport06,f6,hi,43
airport07,f6,hi,43
blocks01,f6,hi,6
blocks02,f6,hi,38
blocks03,f6,hi,12
blocks04,f6,hi,210
blocks05,f6,hi,134
blocks06,f6,hi,230
blocks07,f6,hi,1810
blocks08,f6,hi,1418
blocks09,f6,hi,2290
depot01,f6,hi,40
gripper01,f6,hi,27
gripper02,f6,hi,257
logistics03,f6,hi,1034
logistics06,f6,hi,1320
miconic01,f6,hi,4
miconic02,f6,hi,12
miconic03,f6,hi,12
miconic04,f6,hi,24
miconic05,f6,hi,55
miconic06,f6,hi,79
movie01,f6,hi,9
movie02,f6,hi,11
movie03,f6,hi,11
movie04,f6,hi,11
movie05,f6,hi,11
movie06,f6,hi,11
movie07,f6,hi,11
movie08,f6,hi,11
movie09,f6,hi,9
newspapers01,f6,hi,7
newspapers02,f6,hi,11
newspapers03,f6,hi,16
openstacks01,f6,hi,20
parcprinter01,f6,hi,8
parcprinter02,f6,hi,15
pegsol01,f6,hi,7
pegsol02,f6,hi,9
pegsol03,f6,hi,11
pegsol04,f6,hi,12
pegsol05,f6,hi,15
pegsol06,f6,hi,17
pegsol07,f6,hi,19
pegsol08,f6,hi,21
pegsol09,f6,hi,20
psr-small01,f6,hi,10
psr-small02,f6,hi,19
psr-small03,f6,hi,15
psr-small04,f6,hi,14
psr-small05,f6,hi,22
psr-small06,f6,hi,18
psr-small07,f6,hi,19
psr-small08,f6,hi,12
psr-small09,f6,hi,12
rovers01,f6,hi,55
rovers02,f6,hi,39
rovers03,f6,hi,137
rovers04,f6,hi,189
satellite01,f6,hi,18
satellite02,f6,hi,344
scanalyzer01,f6,hi,12
sokoban02,f6,hi,45
sokoban03,f6,hi,51
tpp01,f6,hi,5
tpp02,f6,hi,10
tpp03,f6,hi,15
tpp04,f6,hi,20
tpp05,f6,hi,69
transport01,f6,hi,79
travel02,f6,hi,10
travel03,f6,hi,11
travel04,f6,hi,13
travel05,f6,hi,20
travel06,f6,hi,4
travel08,f6,hi,37
airport01,f6,hg,8
airport02,f6,hg,9
airport03,f6,hg,28
airport04,f6,hg,20
airport05,f6,hg,21
airport06,f6,hg,43
airport07,f6,hg,43
airport08,f6,hg,64
blocks01,f6,hg,6
blocks02,f6,hg,22
blocks03,f6,hg,6
blocks04,f6,hg,38
blocks05,f6,hg,30
blocks06,f6,hg,40
blocks07,f6,hg,134
blocks08,f6,hg,32
blocks09,f6,hg,198
depot01,f6,hg,29
depot02,f6,hg,111
gripper01,f6,hg,13
gripper02,f6,hg,21
gripper03,f6,hg,29
gripper04,f6,hg,37
logistics01,f6,hg,180
logistics02,f6,hg,46
logistics03,f6,hg,144
logistics04,f6,hg,268
logistics05,f6,hg,142
logistics06,f6,hg,14
logistics08,f6,hg,44
miconic01,f6,hg,4
miconic02,f6,hg,10
miconic03,f6,hg,18
miconic04,f6,hg,22
miconic05,f6,hg,34
miconic06,f6,hg,74
movie01,f6,hg,7
movie02,f6,hg,7
movie03,f6,hg,7
movie04,f6,hg,7
movie05,f6,hg,7
movie06,f6,hg,7
movie07,f6,hg,7
movie08,f6,hg,7
movie09,f6,hg,7
newspapers01,f6,hg,6
newspapers02,f6,hg,10
newspapers03,f6,hg,14
openstacks01,f6,hg,20
openstacks03,f6,hg,28
parcprinter01,f6,hg,8
parcprinter02,f6,hg,18
parcprinter03,f6,hg,22
parcprinter04,f6,hg,32
pegsol01,f6,hg,5
pegsol02,f6,hg,9
pegsol03,f6,hg,9
pegsol04,f6,hg,11
pegsol05,f6,hg,13
pegsol06,f6,hg,15
pegsol07,f6,hg,14
pegsol08,f6,hg,18
pegsol09,f6,hg,16
psr-small01,f6,hg,9
psr-small02,f6,hg,31
psr-small03,f6,hg,15
psr-small04,f6,hg,10
psr-small05,f6,hg,14
psr-small06,f6,hg,14
psr-small07,f6,hg,23
psr-small08,f6,hg,8
psr-small09,f6,hg,12
rovers01,f6,hg,30
rovers02,f6,hg,24
rovers03,f6,hg,22
rovers04,f6,hg,107
satellite01,f6,hg,10
satellite02,f6,hg,54
satellite03,f6,hg,40
scanalyzer01,f6,hg,6
sokoban01,f6,hg,63
sokoban02,f6,hg,47
sokoban03,f6,hg,51
tpp01,f6,hg,5
tpp02,f6,hg,10
tpp03,f6,hg,13
tpp04,f6,hg,20
tpp05,f6,hg,73
transport01,f6,hg,19
transport02,f6,hg,102
travel02,f6,hg,10
travel03,f6,hg,13
travel04,f6,hg,6
travel05,f6,hg,10
travel06,f6,hg,4
travel07,f6,hg,9
travel08,f6,hg,5
woodworking01,f6,hg,18
woodworking02,f6,hg,12
airport01,f6,hnba,8
airport02,f6,hnba,9
airport03,f6,hnba,61
airport04,f6,hnba,20
airport05,f6,hnba,21
airport06,f6,hnba,43
airport07,f6,hnba,43
airport08,f6,hnba,66
blocks01,f6,hnba,18
blocks02,f6,hnba,24
blocks03,f6,hnba,18
blocks04,f6,hnba,132
blocks05,f6,hnba,150
blocks06,f6,hnba,144
blocks07,f6,hnba,918
blocks08,f6,hnba,1726
blocks09,f6,hnba,206
depot01,f6,hnba,77
gripper01,f6,hnba,17
gripper02,f6,hnba,39
gripper03,f6,hnba,33
gripper04,f6,hnba,37
logistics04,f6,hnba,2151
miconic01,f6,hnba,4
miconic02,f6,hnba,10
miconic03,f6,hnba,15
miconic04,f6,hnba,28
miconic05,f6,hnba,34
miconic06,f6,hnba,74
movie01,f6,hnba,7
movie02,f6,hnba,7
movie03,f6,hnba,7
movie04,f6,hnba,7
movie05,f6,hnba,7
movie06,f6,hnba,7
movie07,f6,hnba,7
movie08,f6,hnba,7
movie09,f6,hnba,7
newspapers01,f6,hnba,14
newspapers02,f6,hnba,12
newspapers03,f6,hnba,18
openstacks01,f6,hnba,20
parcprinter01,f6,hnba,8
parcprinter02,f6,hnba,15
parcprinter03,f6,hnba,22
pegsol01,f6,hnba,5
pegsol02,f6,hnba,9
pegsol03,f6,hnba,10
pegsol04,f6,hnba,13
pegsol05,f6,hnba,12
pegsol06,f6,hnba,16
pegsol07,f6,hnba,12
pegsol08,f6,hnba,18
pegsol09,f6,hnba,19
psr-small01,f6,hnba,9
psr-small02,f6,hnba,43
psr-small03,f6,hnba,14
psr-small04,f6,hnba,52
psr-small05,f6,hnba,114
psr-small06,f6,hnba,15
psr-small07,f6,hnba,113
psr-small08,f6,hnba,38
psr-small09,f6,hnba,37
rovers01,f6,hnba,81
rovers02,f6,hnba,45
rovers03,f6,hnba,233
rovers04,f6,hnba,221
satellite01,f6,hnba,14
satellite02,f6,hnba,139
scanalyzer01,f6,hnba,276
sokoban01,f6,hnba,63
sokoban02,f6,hnba,47
sokoban03,f6,hnba,55
tpp01,f6,hnba,5
tpp02,f6,hnba,10
tpp03,f6,hnba,13
tpp04,f6,hnba,20
tpp05,f6,hnba,87
transport01,f6,hnba,19
transport02,f6,hnba,323
travel02,f6,hnba,6
travel03,f6,hnba,15
travel04,f6,hnba,13
travel05,f6,hnba,16
travel06,f6,hnba,4
travel07,f6,hnba,11
travel08,f6,hnba,21
woodworking02,f6,hnba,1245
